id_docente,id_classe,materia
DOC0001,AQSD01201N_0002,Matematica
DOC0002,AQSD01201N_0008,Storia
DOC0003,AQSD01201N_0002,Educazione Fisica
DOC0004,AQSD01201N_0003,Italiano
DOC0004,AQSD01201N_0017,Italiano
DOC0005,AQSD01201N_0008,Scienze
DOC0005,AQSD01201N_0002,Scienze
DOC0006,AQSD01201N_0006,Storia
DOC0006,AQSD01201N_0014,Storia
DOC0007,AQSD01201N_0006,Italiano
DOC0007,AQSD01201N_0013,Italiano
DOC0008,AQSD01201N_0013,Scienze
DOC0009,AQSD01201N_0012,Matematica
DOC0009,AQSD01201N_0006,Matematica
DOC0010,AQSD01201N_0005,Educazione Fisica
DOC0010,AQSD01201N_0014,Educazione Fisica
DOC0011,AQSD01201N_0004,Storia
DOC0012,AQSD01201N_0001,Scienze
DOC0012,AQSD01201N_0004,Scienze
DOC0013,AQSD01201N_0011,Italiano
DOC0013,AQSD01201N_0004,Italiano
DOC0014,AQSD01201N_0001,Educazione Fisica
DOC0014,AQSD01201N_0004,Educazione Fisica
DOC0015,AQSD01201N_0011,Matematica
DOC0015,AQSD01201N_0004,Matematica
DOC0016,AQSD01201N_0015,Educazione Fisica
DOC0017,AQSD01201N_0015,Matematica
DOC0017,AQSD01201N_0010,Matematica
DOC0018,AQSD01201N_0010,Scienze
DOC0018,AQSD01201N_0016,Scienze
DOC0019,AQSD01201N_0016,Italiano
DOC0020,AQSD01201N_0016,Storia
DOC0020,AQSD01201N_0010,Storia
DOC0021,ARRI00750X_0002,Scienze
DOC0021,ARRI00750X_0001,Scienze
DOC0022,ARRI00750X_0001,Matematica
DOC0023,ARRI00750X_0002,Educazione Fisica
DOC0024,ARRI00750X_0001,Storia
DOC0024,ARRI00750X_0002,Storia
DOC0025,ARRI00750X_0001,Italiano
DOC0026,ARRI00750X_0005,Storia
DOC0027,ARRI00750X_0003,Scienze
DOC0027,ARRI00750X_0004,Scienze
DOC0028,ARRI00750X_0004,Italiano
DOC0029,ARRI00750X_0005,Educazione Fisica
DOC0029,ARRI00750X_0003,Educazione Fisica
DOC0030,ARRI00750X_0004,Matematica
DOC0030,ARRI00750X_0003,Matematica
DOC0031,BORI01402D_0018,Storia
DOC0032,BORI01402D_0011,Educazione Fisica
DOC0032,BORI01402D_0018,Educazione Fisica
DOC0033,BORI01402D_0019,Italiano
DOC0033,BORI01402D_0018,Italiano
DOC0034,BORI01402D_0019,Matematica
DOC0035,BORI01402D_0018,Scienze
DOC0035,BORI01402D_0011,Scienze
DOC0036,BORI01402D_0004,Scienze
DOC0036,BORI01402D_0014,Scienze
DOC0037,BORI01402D_0015,Matematica
DOC0038,BORI01402D_0003,Storia
DOC0039,BORI01402D_0001,Educazione Fisica
DOC0040,BORI01402D_0009,Italiano
DOC0041,BORI01402D_0010,Matematica
DOC0042,BORI01402D_0007,Italiano
DOC0043,BORI01402D_0017,Scienze
DOC0044,BORI01402D_0010,Educazione Fisica
DOC0045,BORI01402D_0006,Storia
DOC0046,BSRH02201E_0010,Scienze
DOC0046,BSRH02201E_0008,Scienze
DOC0047,BSRH02201E_0004,Educazione Fisica
DOC0047,BSRH02201E_0006,Educazione Fisica
DOC0048,BSRH02201E_0003,Storia
DOC0049,BSRH02201E_0005,Matematica
DOC0050,BSRH02201E_0006,Italiano
DOC0051,BSRH02201E_0001,Matematica
DOC0052,BSRH02201E_0007,Storia
DOC0053,BSRH02201E_0007,Scienze
DOC0053,BSRH02201E_0001,Scienze
DOC0054,BSRH02201E_0001,Educazione Fisica
DOC0054,BSRH02201E_0007,Educazione Fisica
DOC0055,BSRH02201E_0007,Italiano
DOC0056,CBSL02301B_0003,Italiano
DOC0056,CBSL02301B_0008,Italiano
DOC0057,CBSL02301B_0003,Scienze
DOC0058,CBSL02301B_0003,Storia
DOC0058,CBSL02301B_0001,Storia
DOC0059,CBSL02301B_0008,Educazione Fisica
DOC0059,CBSL02301B_0001,Educazione Fisica
DOC0060,CBSL02301B_0003,Matematica
DOC0060,CBSL02301B_0001,Matematica
DOC0061,CBSL02301B_0007,Educazione Fisica
DOC0062,CBSL02301B_0011,Scienze
DOC0062,CBSL02301B_0007,Scienze
DOC0063,CBSL02301B_0011,Matematica
DOC0064,CBSL02301B_0011,Italiano
DOC0065,CBSL02301B_0002,Storia
DOC0065,CBSL02301B_0007,Storia
DOC0066,CBSL02301B_0010,Scienze
DOC0066,CBSL02301B_0009,Scienze
DOC0067,CBSL02301B_0009,Storia
DOC0068,CBSL02301B_0004,Italiano
DOC0068,CBSL02301B_0005,Italiano
DOC0069,CBSL02301B_0010,Matematica
DOC0070,CBSL02301B_0009,Educazione Fisica
DOC0071,CBTD00701C_0002,Scienze
DOC0071,CBTD00701C_0003,Scienze
DOC0072,CBTD00701C_0003,Storia
DOC0073,CBTD00701C_0001,Italiano
DOC0074,CBTD00701C_0001,Matematica
DOC0074,CBTD00701C_0003,Matematica
DOC0075,CBTD00701C_0001,Educazione Fisica
DOC0076,CBTD00701C_0004,Scienze
DOC0077,CBTD00701C_0006,Storia
DOC0077,CBTD00701C_0004,Storia
DOC0078,CBTD00701C_0006,Educazione Fisica
DOC0079,CBTD00701C_0005,Italiano
DOC0079,CBTD00701C_0004,Italiano
DOC0080,CBTD00701C_0006,Matematica
DOC0081,CHRI016015_0001,Storia
DOC0081,CHRI016015_0017,Storia
DOC0082,CHRI016015_0001,Italiano
DOC0082,CHRI016015_0011,Italiano
DOC0083,CHRI016015_0011,Matematica
DOC0084,CHRI016015_0005,Scienze
DOC0085,CHRI016015_0011,Educazione Fisica
DOC0085,CHRI016015_0017,Educazione Fisica
DOC0086,CHRI016015_0006,Scienze
DOC0086,CHRI016015_0008,Scienze
DOC0087,CHRI016015_0014,Matematica
DOC0088,CHRI016015_0016,Italiano
DOC0088,CHRI016015_0003,Italiano
DOC0089,CHRI016015_0008,Storia
DOC0090,CHRI016015_0002,Educazione Fisica
DOC0091,CNPC030005_0024,Educazione Fisica
DOC0092,CNPC030005_0024,Matematica
DOC0093,CNPC030005_0050,Scienze
DOC0094,CNPC030005_0050,Storia
DOC0095,CNPC030005_0046,Italiano
DOC0095,CNPC030005_0025,Italiano
DOC0096,CNPC030005_0038,Matematica
DOC0097,CNPC030005_0010,Italiano
DOC0098,CNPC030005_0010,Educazione Fisica
DOC0098,CNPC030005_0048,Educazione Fisica
DOC0099,CNPC030005_0049,Storia
DOC0100,CNPC030005_0048,Scienze
DOC0101,CNPC030005_0014,Italiano
DOC0102,CNPC030005_0012,Storia
DOC0103,CNPC030005_0026,Scienze
DOC0104,CNPC030005_0029,Educazione Fisica
DOC0104,CNPC030005_0026,Educazione Fisica
DOC0105,CNPC030005_0015,Matematica
DOC0105,CNPC030005_0030,Matematica
DOC0106,CNPC030005_0039,Matematica
DOC0107,CNPC030005_0022,Scienze
DOC0107,CNPC030005_0045,Scienze
DOC0108,CNPC030005_0005,Italiano
DOC0109,CNPC030005_0022,Storia
DOC0109,CNPC030005_0006,Storia
DOC0110,CNPC030005_0023,Educazione Fisica
DOC0110,CNPC030005_0005,Educazione Fisica
DOC0111,COTD01101C_0004,Matematica
DOC0111,COTD01101C_0006,Matematica
DOC0112,COTD01101C_0008,Italiano
DOC0112,COTD01101C_0009,Italiano
DOC0113,COTD01101C_0009,Educazione Fisica
DOC0113,COTD01101C_0005,Educazione Fisica
DOC0114,COTD01101C_0004,Storia
DOC0115,COTD01101C_0005,Scienze
DOC0115,COTD01101C_0004,Scienze
DOC0116,COTD01101C_0003,Italiano
DOC0117,COTD01101C_0002,Scienze
DOC0118,COTD01101C_0003,Educazione Fisica
DOC0119,COTD01101C_0002,Matematica
DOC0119,COTD01101C_0001,Matematica
DOC0120,COTD01101C_0002,Storia
DOC0120,COTD01101C_0007,Storia
DOC0121,CRSL00801R_0019,Storia
DOC0122,CRSL00801R_0013,Italiano
DOC0122,CRSL00801R_0014,Italiano
DOC0123,CRSL00801R_0019,Scienze
DOC0124,CRSL00801R_0014,Educazione Fisica
DOC0125,CRSL00801R_0019,Matematica
DOC0125,CRSL00801R_0013,Matematica
DOC0126,CRSL00801R_0016,Matematica
DOC0126,CRSL00801R_0021,Matematica
DOC0127,CRSL00801R_0006,Storia
DOC0127,CRSL00801R_0021,Storia
DOC0128,CRSL00801R_0006,Educazione Fisica
DOC0129,CRSL00801R_0021,Scienze
DOC0129,CRSL00801R_0006,Scienze
DOC0130,CRSL00801R_0016,Italiano
DOC0131,CRSL00801R_0001,Storia
DOC0132,CRSL00801R_0009,Educazione Fisica
DOC0133,CRSL00801R_0001,Scienze
DOC0134,CRSL00801R_0010,Italiano
DOC0135,CRSL00801R_0012,Matematica
DOC0135,CRSL00801R_0001,Matematica
DOC0136,CRSL00801R_0018,Storia
DOC0136,CRSL00801R_0007,Storia
DOC0137,CRSL00801R_0018,Scienze
DOC0138,CRSL00801R_0018,Educazione Fisica
DOC0138,CRSL00801R_0017,Educazione Fisica
DOC0139,CRSL00801R_0007,Matematica
DOC0140,CRSL00801R_0017,Italiano
DOC0140,CRSL00801R_0007,Italiano
DOC0141,CRSL00801R_0008,Educazione Fisica
DOC0142,CRSL00801R_0005,Matematica
DOC0142,CRSL00801R_0004,Matematica
DOC0143,CRSL00801R_0004,Scienze
DOC0144,CRSL00801R_0008,Italiano
DOC0144,CRSL00801R_0004,Italiano
DOC0145,CRSL00801R_0005,Storia
DOC0145,CRSL00801R_0004,Storia
DOC0146,CSSL08101A_0002,Italiano
DOC0147,CSSL08101A_0010,Storia
DOC0148,CSSL08101A_0002,Educazione Fisica
DOC0149,CSSL08101A_0002,Matematica
DOC0149,CSSL08101A_0010,Matematica
DOC0150,CSSL08101A_0010,Scienze
DOC0151,CSSL08101A_0003,Educazione Fisica
DOC0152,CSSL08101A_0008,Scienze
DOC0153,CSSL08101A_0008,Italiano
DOC0153,CSSL08101A_0003,Italiano
DOC0154,CSSL08101A_0015,Storia
DOC0155,CSSL08101A_0003,Matematica
DOC0155,CSSL08101A_0008,Matematica
DOC0156,CSSL08101A_0004,Scienze
DOC0156,CSSL08101A_0014,Scienze
DOC0157,CSSL08101A_0014,Matematica
DOC0158,CSSL08101A_0004,Educazione Fisica
DOC0159,CSSL08101A_0014,Storia
DOC0159,CSSL08101A_0006,Storia
DOC0160,CSSL08101A_0014,Italiano
DOC0160,CSSL08101A_0012,Italiano
DOC0161,CSSL08101A_0001,Educazione Fisica
DOC0162,CSSL08101A_0007,Scienze
DOC0162,CSSL08101A_0001,Scienze
DOC0163,CSSL08101A_0011,Storia
DOC0163,CSSL08101A_0007,Storia
DOC0164,CSSL08101A_0011,Italiano
DOC0165,CSSL08101A_0007,Matematica
DOC0165,CSSL08101A_0011,Matematica
DOC0166,CSTN02801A_0010,Matematica
DOC0166,CSTN02801A_0003,Matematica
DOC0167,CSTN02801A_0010,Storia
DOC0167,CSTN02801A_0003,Storia
DOC0168,CSTN02801A_0003,Educazione Fisica
DOC0169,CSTN02801A_0010,Scienze
DOC0169,CSTN02801A_0003,Scienze
DOC0170,CSTN02801A_0010,Italiano
DOC0170,CSTN02801A_0003,Italiano
DOC0171,CSTN02801A_0009,Storia
DOC0171,CSTN02801A_0001,Storia
DOC0172,CSTN02801A_0009,Matematica
DOC0173,CSTN02801A_0009,Educazione Fisica
DOC0174,CSTN02801A_0009,Italiano
DOC0174,CSTN02801A_0001,Italiano
DOC0175,CSTN02801A_0009,Scienze
DOC0176,CSTN02801A_0007,Matematica
DOC0176,CSTN02801A_0005,Matematica
DOC0177,CSTN02801A_0002,Italiano
DOC0177,CSTN02801A_0004,Italiano
DOC0178,CSTN02801A_0004,Scienze
DOC0179,CSTN02801A_0007,Storia
DOC0179,CSTN02801A_0006,Storia
DOC0180,CSTN02801A_0008,Educazione Fisica
DOC0181,CZRI01901V_0002,Educazione Fisica
DOC0182,CZRI01901V_0007,Storia
DOC0183,CZRI01901V_0007,Scienze
DOC0184,CZRI01901V_0002,Matematica
DOC0184,CZRI01901V_0007,Matematica
DOC0185,CZRI01901V_0004,Italiano
DOC0185,CZRI01901V_0002,Italiano
DOC0186,CZRI01901V_0005,Scienze
DOC0186,CZRI01901V_0006,Scienze
DOC0187,CZRI01901V_0003,Educazione Fisica
DOC0187,CZRI01901V_0005,Educazione Fisica
DOC0188,CZRI01901V_0001,Matematica
DOC0188,CZRI01901V_0005,Matematica
DOC0189,CZRI01901V_0005,Italiano
DOC0189,CZRI01901V_0003,Italiano
DOC0190,CZRI01901V_0006,Storia
DOC0190,CZRI01901V_0008,Storia
DOC0191,FGRI16002D_0001,Scienze
DOC0192,FGRI16002D_0001,Educazione Fisica
DOC0193,FGRI16002D_0001,Italiano
DOC0194,FGRI16002D_0001,Storia
DOC0195,FGRI16002D_0001,Matematica
DOC0196,FOTF00101E_0014,Italiano
DOC0196,FOTF00101E_0015,Italiano
DOC0197,FOTF00101E_0015,Matematica
DOC0198,FOTF00101E_0016,Educazione Fisica
DOC0198,FOTF00101E_0013,Educazione Fisica
DOC0199,FOTF00101E_0010,Storia
DOC0199,FOTF00101E_0013,Storia
DOC0200,FOTF00101E_0013,Scienze
DOC0201,FOTF00101E_0002,Italiano
DOC0202,FOTF00101E_0006,Matematica
DOC0202,FOTF00101E_0008,Matematica
DOC0203,FOTF00101E_0001,Scienze
DOC0204,FOTF00101E_0003,Educazione Fisica
DOC0204,FOTF00101E_0005,Educazione Fisica
DOC0205,FOTF00101E_0003,Storia
DOC0206,GERH01000G_0021,Italiano
DOC0206,GERH01000G_0032,Italiano
DOC0207,GERH01000G_0009,Educazione Fisica
DOC0207,GERH01000G_0034,Educazione Fisica
DOC0208,GERH01000G_0014,Storia
DOC0209,GERH01000G_0014,Scienze
DOC0210,GERH01000G_0012,Matematica
DOC0210,GERH01000G_0013,Matematica
DOC0211,GERH01000G_0026,Storia
DOC0212,GERH01000G_0027,Scienze
DOC0213,GERH01000G_0025,Italiano
DOC0213,GERH01000G_0026,Italiano
DOC0214,GERH01000G_0030,Educazione Fisica
DOC0214,GERH01000G_0028,Educazione Fisica
DOC0215,GERH01000G_0025,Matematica
DOC0215,GERH01000G_0030,Matematica
DOC0216,GETA012021_0001,Storia
DOC0217,GETA012021_0001,Educazione Fisica
DOC0218,GETA012021_0001,Scienze
DOC0219,GETA012021_0001,Matematica
DOC0220,GETA012021_0001,Italiano
DOC0221,GETA012021_0002,Matematica
DOC0221,GETA012021_0003,Matematica
DOC0222,GETA012021_0003,Educazione Fisica
DOC0222,GETA012021_0002,Educazione Fisica
DOC0223,GETA012021_0003,Storia
DOC0223,GETA012021_0002,Storia
DOC0224,GETA012021_0002,Italiano
DOC0224,GETA012021_0003,Italiano
DOC0225,GETA012021_0002,Scienze
DOC0225,GETA012021_0003,Scienze
DOC0226,GOTA006015_0002,Storia
DOC0227,GOTA006015_0003,Scienze
DOC0227,GOTA006015_0009,Scienze
DOC0228,GOTA006015_0010,Italiano
DOC0228,GOTA006015_0009,Italiano
DOC0229,GOTA006015_0009,Matematica
DOC0230,GOTA006015_0011,Educazione Fisica
DOC0230,GOTA006015_0002,Educazione Fisica
DOC0231,GOTA006015_0012,Storia
DOC0232,GOTA006015_0001,Educazione Fisica
DOC0233,GOTA006015_0001,Matematica
DOC0234,GOTA006015_0014,Italiano
DOC0234,GOTA006015_0012,Italiano
DOC0235,GOTA006015_0012,Scienze
DOC0235,GOTA006015_0001,Scienze
DOC0236,GOTA006015_0004,Storia
DOC0236,GOTA006015_0007,Storia
DOC0237,GOTA006015_0007,Matematica
DOC0238,GOTA006015_0007,Italiano
DOC0238,GOTA006015_0004,Italiano
DOC0239,GOTA006015_0007,Educazione Fisica
DOC0239,GOTA006015_0004,Educazione Fisica
DOC0240,GOTA006015_0007,Scienze
DOC0240,GOTA006015_0013,Scienze
DOC0241,GOTA006015_0008,Scienze
DOC0242,GOTA006015_0005,Matematica
DOC0242,GOTA006015_0008,Matematica
DOC0243,GOTA006015_0006,Educazione Fisica
DOC0244,GOTA006015_0006,Italiano
DOC0245,GOTA006015_0008,Storia
DOC0246,ISRH016018_0002,Scienze
DOC0247,ISRH016018_0001,Storia
DOC0248,ISRH016018_0005,Matematica
DOC0249,ISRH016018_0004,Educazione Fisica
DOC0249,ISRH016018_0001,Educazione Fisica
DOC0250,ISRH016018_0001,Italiano
DOC0250,ISRH016018_0004,Italiano
DOC0251,LEPM04401X_0003,Storia
DOC0252,LEPM04401X_0002,Matematica
DOC0252,LEPM04401X_0004,Matematica
DOC0253,LEPM04401X_0006,Scienze
DOC0254,LEPM04401X_0003,Italiano
DOC0254,LEPM04401X_0004,Italiano
DOC0255,LEPM04401X_0006,Educazione Fisica
DOC0255,LEPM04401X_0004,Educazione Fisica
DOC0256,LEPM04401X_0005,Educazione Fisica
DOC0256,LEPM04401X_0001,Educazione Fisica
DOC0257,LEPM04401X_0001,Matematica
DOC0258,LEPM04401X_0005,Italiano
DOC0259,LEPM04401X_0001,Storia
DOC0260,LEPM04401X_0005,Scienze
DOC0260,LEPM04401X_0001,Scienze
DOC0261,LERI04251T_0004,Scienze
DOC0262,LERI04251T_0002,Storia
DOC0263,LERI04251T_0001,Matematica
DOC0263,LERI04251T_0003,Matematica
DOC0264,LERI04251T_0001,Educazione Fisica
DOC0265,LERI04251T_0003,Italiano
DOC0266,LETA00151Q_0001,Scienze
DOC0267,LETA00151Q_0001,Matematica
DOC0268,LETA00151Q_0001,Storia
DOC0269,LETA00151Q_0001,Italiano
DOC0270,LETA00151Q_0001,Educazione Fisica
DOC0271,LETA00151Q_0003,Storia
DOC0272,LETA00151Q_0003,Italiano
DOC0273,LETA00151Q_0003,Scienze
DOC0274,LETA00151Q_0002,Matematica
DOC0275,LETA00151Q_0002,Educazione Fisica
DOC0276,LITF00601D_0035,Italiano
DOC0277,LITF00601D_0035,Storia
DOC0278,LITF00601D_0035,Educazione Fisica
DOC0279,LITF00601D_0035,Scienze
DOC0280,LITF00601D_0035,Matematica
DOC0281,LITF00601D_0038,Educazione Fisica
DOC0281,LITF00601D_0025,Educazione Fisica
DOC0282,LITF00601D_0002,Scienze
DOC0282,LITF00601D_0025,Scienze
DOC0283,LITF00601D_0003,Storia
DOC0284,LITF00601D_0002,Italiano
DOC0284,LITF00601D_0037,Italiano
DOC0285,LITF00601D_0038,Matematica
DOC0285,LITF00601D_0025,Matematica
DOC0286,LITF00601D_0034,Educazione Fisica
DOC0287,LITF00601D_0033,Matematica
DOC0288,LITF00601D_0013,Scienze
DOC0289,LITF00601D_0034,Italiano
DOC0290,LITF00601D_0033,Storia
DOC0290,LITF00601D_0013,Storia
DOC0291,LITF00601D_0031,Matematica
DOC0292,LITF00601D_0031,Italiano
DOC0292,LITF00601D_0014,Italiano
DOC0293,LITF00601D_0014,Educazione Fisica
DOC0294,LITF00601D_0015,Scienze
DOC0295,LITF00601D_0014,Storia
DOC0295,LITF00601D_0015,Storia
DOC0296,LITF00601D_0027,Educazione Fisica
DOC0297,LITF00601D_0027,Matematica
DOC0297,LITF00601D_0012,Matematica
DOC0298,LITF00601D_0028,Italiano
DOC0298,LITF00601D_0027,Italiano
DOC0299,LITF00601D_0026,Storia
DOC0300,LITF00601D_0012,Scienze
DOC0301,LITF00601D_0032,Storia
DOC0301,LITF00601D_0019,Storia
DOC0302,LITF00601D_0018,Matematica
DOC0303,LITF00601D_0018,Educazione Fisica
DOC0303,LITF00601D_0032,Educazione Fisica
DOC0304,LITF00601D_0032,Scienze
DOC0304,LITF00601D_0018,Scienze
DOC0305,LITF00601D_0019,Italiano
DOC0305,LITF00601D_0018,Italiano
DOC0306,LITF00601D_0036,Educazione Fisica
DOC0306,LITF00601D_0024,Educazione Fisica
DOC0307,LITF00601D_0036,Scienze
DOC0308,LITF00601D_0023,Italiano
DOC0309,LITF00601D_0039,Storia
DOC0310,LITF00601D_0039,Matematica
DOC0310,LITF00601D_0024,Matematica
DOC0311,LITF00601D_0017,Italiano
DOC0312,LITF00601D_0008,Educazione Fisica
DOC0312,LITF00601D_0007,Educazione Fisica
DOC0313,LITF00601D_0030,Matematica
DOC0313,LITF00601D_0005,Matematica
DOC0314,LITF00601D_0007,Scienze
DOC0314,LITF00601D_0006,Scienze
DOC0315,LITF00601D_0021,Storia
DOC0315,LITF00601D_0008,Storia
DOC0316,LITF00601D_0020,Italiano
DOC0316,LITF00601D_0001,Italiano
DOC0317,LITF00601D_0010,Educazione Fisica
DOC0317,LITF00601D_0001,Educazione Fisica
DOC0318,LITF00601D_0001,Scienze
DOC0319,LITF00601D_0010,Matematica
DOC0319,LITF00601D_0020,Matematica
DOC0320,LITF00601D_0010,Storia
DOC0321,LTRA01602G_0002,Matematica
DOC0322,LTRA01602G_0015,Scienze
DOC0323,LTRA01602G_0014,Storia
DOC0323,LTRA01602G_0022,Storia
DOC0324,LTRA01602G_0006,Educazione Fisica
DOC0325,LTRA01602G_0012,Italiano
DOC0326,LTRA01602G_0007,Matematica
DOC0327,LTRA01602G_0018,Educazione Fisica
DOC0327,LTRA01602G_0008,Educazione Fisica
DOC0328,LTRA01602G_0008,Scienze
DOC0328,LTRA01602G_0011,Scienze
DOC0329,LTRA01602G_0020,Italiano
DOC0329,LTRA01602G_0004,Italiano
DOC0330,LTRA01602G_0008,Storia
DOC0331,MEPS032038_0005,Educazione Fisica
DOC0332,MEPS032038_0001,Matematica
DOC0333,MEPS032038_0005,Scienze
DOC0333,MEPS032038_0004,Scienze
DOC0334,MEPS032038_0002,Storia
DOC0334,MEPS032038_0001,Storia
DOC0335,MEPS032038_0004,Italiano
DOC0336,MTPS00101R_0002,Scienze
DOC0337,MTPS00101R_0001,Italiano
DOC0338,MTPS00101R_0002,Matematica
DOC0338,MTPS00101R_0001,Matematica
DOC0339,MTPS00101R_0002,Storia
DOC0340,MTPS00101R_0001,Educazione Fisica
DOC0341,MTTD06000B_0011,Storia
DOC0341,MTTD06000B_0020,Storia
DOC0342,MTTD06000B_0008,Italiano
DOC0343,MTTD06000B_0017,Matematica
DOC0344,MTTD06000B_0010,Educazione Fisica
DOC0345,MTTD06000B_0011,Scienze
DOC0345,MTTD06000B_0012,Scienze
DOC0346,MTTD06000B_0022,Matematica
DOC0347,MTTD06000B_0022,Storia
DOC0348,MTTD06000B_0006,Educazione Fisica
DOC0348,MTTD06000B_0022,Educazione Fisica
DOC0349,MTTD06000B_0022,Italiano
DOC0349,MTTD06000B_0006,Italiano
DOC0350,MTTD06000B_0022,Scienze
DOC0350,MTTD06000B_0006,Scienze
DOC0351,MTTD06000B_0028,Scienze
DOC0351,MTTD06000B_0027,Scienze
DOC0352,MTTD06000B_0027,Matematica
DOC0352,MTTD06000B_0001,Matematica
DOC0353,MTTD06000B_0027,Italiano
DOC0354,MTTD06000B_0001,Storia
DOC0355,MTTD06000B_0001,Educazione Fisica
DOC0356,MTTD06000B_0033,Italiano
DOC0356,MTTD06000B_0034,Italiano
DOC0357,MTTD06000B_0033,Scienze
DOC0357,MTTD06000B_0007,Scienze
DOC0358,MTTD06000B_0034,Matematica
DOC0359,MTTD06000B_0007,Educazione Fisica
DOC0360,MTTD06000B_0034,Storia
DOC0360,MTTD06000B_0033,Storia
DOC0361,MTTD06000B_0031,Storia
DOC0361,MTTD06000B_0003,Storia
DOC0362,MTTD06000B_0004,Matematica
DOC0363,MTTD06000B_0023,Scienze
DOC0364,MTTD06000B_0003,Italiano
DOC0364,MTTD06000B_0032,Italiano
DOC0365,MTTD06000B_0023,Educazione Fisica
DOC0366,MTTD06000B_0026,Italiano
DOC0366,MTTD06000B_0013,Italiano
DOC0367,MTTD06000B_0013,Matematica
DOC0368,MTTD06000B_0025,Storia
DOC0368,MTTD06000B_0026,Storia
DOC0369,MTTD06000B_0026,Educazione Fisica
DOC0369,MTTD06000B_0014,Educazione Fisica
DOC0370,MTTD06000B_0030,Scienze
DOC0371,MTTD06000B_0024,Educazione Fisica
DOC0371,MTTD06000B_0005,Educazione Fisica
DOC0372,MTTD06000B_0024,Matematica
DOC0373,MTTD06000B_0005,Italiano
DOC0374,MTTD06000B_0005,Scienze
DOC0375,MTTD06000B_0005,Storia
DOC0375,MTTD06000B_0024,Storia
DOC0376,NARH01000V_0028,Storia
DOC0377,NARH01000V_0027,Matematica
DOC0377,NARH01000V_0048,Matematica
DOC0378,NARH01000V_0004,Educazione Fisica
DOC0379,NARH01000V_0024,Scienze
DOC0380,NARH01000V_0029,Italiano
DOC0380,NARH01000V_0041,Italiano
DOC0381,NARH01000V_0011,Storia
DOC0382,NARH01000V_0011,Matematica
DOC0383,NARH01000V_0011,Educazione Fisica
DOC0384,NARH01000V_0011,Italiano
DOC0385,NARH01000V_0011,Scienze
DOC0386,NARH01000V_0001,Matematica
DOC0387,NARH01000V_0001,Educazione Fisica
DOC0388,NARH01000V_0001,Italiano
DOC0389,NARH01000V_0001,Storia
DOC0390,NARH01000V_0001,Scienze
DOC0391,NARH01000V_0022,Italiano
DOC0391,NARH01000V_0012,Italiano
DOC0392,NARH01000V_0023,Educazione Fisica
DOC0392,NARH01000V_0022,Educazione Fisica
DOC0393,NARH01000V_0022,Scienze
DOC0394,NARH01000V_0023,Matematica
DOC0394,NARH01000V_0012,Matematica
DOC0395,NARH01000V_0022,Storia
DOC0395,NARH01000V_0012,Storia
DOC0396,NARI13751N_0002,Scienze
DOC0397,NARI13751N_0009,Educazione Fisica
DOC0397,NARI13751N_0002,Educazione Fisica
DOC0398,NARI13751N_0002,Storia
DOC0399,NARI13751N_0003,Matematica
DOC0400,NARI13751N_0002,Italiano
DOC0400,NARI13751N_0004,Italiano
DOC0401,NARI13751N_0007,Storia
DOC0401,NARI13751N_0006,Storia
DOC0402,NARI13751N_0008,Educazione Fisica
DOC0403,NARI13751N_0001,Scienze
DOC0403,NARI13751N_0005,Scienze
DOC0404,NARI13751N_0006,Matematica
DOC0405,NARI13751N_0001,Italiano
DOC0406,NASD13000N_0018,Scienze
DOC0406,NASD13000N_0024,Scienze
DOC0407,NASD13000N_0001,Storia
DOC0407,NASD13000N_0018,Storia
DOC0408,NASD13000N_0001,Matematica
DOC0408,NASD13000N_0018,Matematica
DOC0409,NASD13000N_0018,Italiano
DOC0410,NASD13000N_0024,Educazione Fisica
DOC0410,NASD13000N_0001,Educazione Fisica
DOC0411,NASD13000N_0006,Educazione Fisica
DOC0412,NASD13000N_0010,Matematica
DOC0413,NASD13000N_0007,Storia
DOC0414,NASD13000N_0008,Scienze
DOC0414,NASD13000N_0007,Scienze
DOC0415,NASD13000N_0007,Italiano
DOC0416,NASD13000N_0004,Storia
DOC0417,NASD13000N_0003,Scienze
DOC0418,NASD13000N_0025,Matematica
DOC0418,NASD13000N_0017,Matematica
DOC0419,NASD13000N_0025,Educazione Fisica
DOC0420,NASD13000N_0025,Italiano
DOC0420,NASD13000N_0017,Italiano
DOC0421,NASD13000N_0002,Storia
DOC0421,NASD13000N_0033,Storia
DOC0422,NASD13000N_0002,Italiano
DOC0422,NASD13000N_0036,Italiano
DOC0423,NASD13000N_0033,Educazione Fisica
DOC0424,NASD13000N_0033,Matematica
DOC0425,NASD13000N_0002,Scienze
DOC0425,NASD13000N_0036,Scienze
DOC0426,NASD13000N_0034,Storia
DOC0426,NASD13000N_0021,Storia
DOC0427,NASD13000N_0035,Matematica
DOC0428,NASD13000N_0021,Italiano
DOC0428,NASD13000N_0023,Italiano
DOC0429,NASD13000N_0022,Scienze
DOC0430,NASD13000N_0034,Educazione Fisica
DOC0430,NASD13000N_0022,Educazione Fisica
DOC0431,NASD13000N_0015,Storia
DOC0432,NASD13000N_0019,Educazione Fisica
DOC0432,NASD13000N_0013,Educazione Fisica
DOC0433,NASD13000N_0016,Scienze
DOC0433,NASD13000N_0014,Scienze
DOC0434,NASD13000N_0013,Matematica
DOC0434,NASD13000N_0020,Matematica
DOC0435,NASD13000N_0019,Italiano
DOC0436,PARH02000A_0065,Scienze
DOC0436,PARH02000A_0012,Scienze
DOC0437,PARH02000A_0038,Matematica
DOC0437,PARH02000A_0023,Matematica
DOC0438,PARH02000A_0058,Italiano
DOC0439,PARH02000A_0078,Educazione Fisica
DOC0439,PARH02000A_0009,Educazione Fisica
DOC0440,PARH02000A_0045,Storia
DOC0441,PARH02000A_0001,Italiano
DOC0442,PARH02000A_0001,Matematica
DOC0443,PARH02000A_0001,Scienze
DOC0444,PARH02000A_0001,Educazione Fisica
DOC0445,PARH02000A_0001,Storia
DOC0446,PDRI02251Q_0004,Scienze
DOC0447,PDRI02251Q_0003,Matematica
DOC0448,PDRI02251Q_0003,Storia
DOC0449,PDRI02251Q_0003,Italiano
DOC0449,PDRI02251Q_0004,Italiano
DOC0450,PDRI02251Q_0003,Educazione Fisica
DOC0450,PDRI02251Q_0004,Educazione Fisica
DOC0451,PDRI02251Q_0001,Matematica
DOC0452,PDRI02251Q_0001,Italiano
DOC0452,PDRI02251Q_0002,Italiano
DOC0453,PDRI02251Q_0001,Educazione Fisica
DOC0453,PDRI02251Q_0002,Educazione Fisica
DOC0454,PDRI02251Q_0002,Scienze
DOC0455,PDRI02251Q_0001,Storia
DOC0456,PETD03000D_0026,Matematica
DOC0457,PETD03000D_0011,Storia
DOC0457,PETD03000D_0027,Storia
DOC0458,PETD03000D_0011,Italiano
DOC0459,PETD03000D_0011,Scienze
DOC0459,PETD03000D_0026,Scienze
DOC0460,PETD03000D_0011,Educazione Fisica
DOC0460,PETD03000D_0029,Educazione Fisica
DOC0461,PETD03000D_0007,Educazione Fisica
DOC0461,PETD03000D_0023,Educazione Fisica
DOC0462,PETD03000D_0003,Matematica
DOC0462,PETD03000D_0023,Matematica
DOC0463,PETD03000D_0003,Scienze
DOC0463,PETD03000D_0007,Scienze
DOC0464,PETD03000D_0007,Italiano
DOC0464,PETD03000D_0004,Italiano
DOC0465,PETD03000D_0023,Storia
DOC0466,PETD03000D_0008,Scienze
DOC0467,PETD03000D_0008,Matematica
DOC0468,PETD03000D_0015,Educazione Fisica
DOC0469,PETD03000D_0015,Italiano
DOC0469,PETD03000D_0008,Italiano
DOC0470,PETD03000D_0008,Storia
DOC0470,PETD03000D_0015,Storia
DOC0471,PETD03000D_0022,Scienze
DOC0472,PETD03000D_0005,Storia
DOC0472,PETD03000D_0019,Storia
DOC0473,PETD03000D_0019,Italiano
DOC0473,PETD03000D_0005,Italiano
DOC0474,PETD03000D_0022,Matematica
DOC0474,PETD03000D_0019,Matematica
DOC0475,PETD03000D_0019,Educazione Fisica
DOC0475,PETD03000D_0006,Educazione Fisica
DOC0476,PETD03000D_0014,Italiano
DOC0476,PETD03000D_0016,Italiano
DOC0477,PETD03000D_0016,Scienze
DOC0478,PETD03000D_0013,Matematica
DOC0479,PETD03000D_0013,Storia
DOC0480,PETD03000D_0016,Educazione Fisica
DOC0481,PETD03000D_0017,Italiano
DOC0481,PETD03000D_0010,Italiano
DOC0482,PETD03000D_0020,Scienze
DOC0483,PETD03000D_0002,Matematica
DOC0484,PETD03000D_0009,Educazione Fisica
DOC0484,PETD03000D_0001,Educazione Fisica
DOC0485,PETD03000D_0001,Storia
DOC0485,PETD03000D_0010,Storia
DOC0486,PGPS003011_0011,Matematica
DOC0487,PGPS003011_0005,Italiano
DOC0488,PGPS003011_0009,Scienze
DOC0488,PGPS003011_0007,Scienze
DOC0489,PGPS003011_0007,Educazione Fisica
DOC0490,PGPS003011_0009,Storia
DOC0490,PGPS003011_0001,Storia
DOC0491,PGRC01401X_0003,Matematica
DOC0492,PGRC01401X_0001,Scienze
DOC0493,PGRC01401X_0007,Storia
DOC0493,PGRC01401X_0003,Storia
DOC0494,PGRC01401X_0008,Educazione Fisica
DOC0494,PGRC01401X_0003,Educazione Fisica
DOC0495,PGRC01401X_0001,Italiano
DOC0495,PGRC01401X_0007,Italiano
DOC0496,PGTD12000A_0005,Italiano
DOC0497,PGTD12000A_0005,Storia
DOC0497,PGTD12000A_0001,Storia
DOC0498,PGTD12000A_0005,Scienze
DOC0499,PGTD12000A_0004,Matematica
DOC0500,PGTD12000A_0005,Educazione Fisica
DOC0501,PIPM030002_0042,Educazione Fisica
DOC0502,PIPM030002_0037,Matematica
DOC0503,PIPM030002_0050,Italiano
DOC0504,PIPM030002_0049,Storia
DOC0504,PIPM030002_0042,Storia
DOC0505,PIPM030002_0028,Scienze
DOC0506,PIPM030002_0031,Storia
DOC0507,PIPM030002_0006,Educazione Fisica
DOC0508,PIPM030002_0046,Matematica
DOC0508,PIPM030002_0031,Matematica
DOC0509,PIPM030002_0014,Italiano
DOC0509,PIPM030002_0002,Italiano
DOC0510,PIPM030002_0001,Scienze
DOC0510,PIPM030002_0046,Scienze
DOC0511,PIPM030002_0059,Storia
DOC0512,PIPM030002_0057,Educazione Fisica
DOC0513,PIPM030002_0004,Italiano
DOC0514,PIPM030002_0017,Scienze
DOC0514,PIPM030002_0013,Scienze
DOC0515,PIPM030002_0013,Matematica
DOC0515,PIPM030002_0019,Matematica
DOC0516,PIPM030002_0045,Scienze
DOC0517,PIPM030002_0045,Matematica
DOC0518,PIPM030002_0021,Italiano
DOC0519,PIPM030002_0045,Educazione Fisica
DOC0519,PIPM030002_0022,Educazione Fisica
DOC0520,PIPM030002_0024,Storia
DOC0520,PIPM030002_0027,Storia
DOC0521,PNPM00201B_0020,Matematica
DOC0521,PNPM00201B_0019,Matematica
DOC0522,PNPM00201B_0019,Storia
DOC0522,PNPM00201B_0020,Storia
DOC0523,PNPM00201B_0015,Scienze
DOC0524,PNPM00201B_0021,Educazione Fisica
DOC0525,PNPM00201B_0019,Italiano
DOC0526,PNPM00201B_0025,Italiano
DOC0526,PNPM00201B_0044,Italiano
DOC0527,PNPM00201B_0043,Educazione Fisica
DOC0527,PNPM00201B_0044,Educazione Fisica
DOC0528,PNPM00201B_0038,Storia
DOC0529,PNPM00201B_0022,Matematica
DOC0530,PNPM00201B_0008,Scienze
DOC0531,PNPM00201B_0010,Storia
DOC0532,PNPM00201B_0002,Educazione Fisica
DOC0532,PNPM00201B_0011,Educazione Fisica
DOC0533,PNPM00201B_0032,Matematica
DOC0534,PNPM00201B_0032,Italiano
DOC0535,PNPM00201B_0002,Scienze
DOC0536,PNPM00201B_0006,Italiano
DOC0536,PNPM00201B_0036,Italiano
DOC0537,PNPM00201B_0036,Matematica
DOC0537,PNPM00201B_0006,Matematica
DOC0538,PNPM00201B_0027,Educazione Fisica
DOC0538,PNPM00201B_0017,Educazione Fisica
DOC0539,PNPM00201B_0017,Storia
DOC0539,PNPM00201B_0027,Storia
DOC0540,PNPM00201B_0027,Scienze
DOC0541,PSRF001014_0004,Italiano
DOC0541,PSRF001014_0002,Italiano
DOC0542,PSRF001014_0004,Storia
DOC0542,PSRF001014_0001,Storia
DOC0543,PSRF001014_0002,Scienze
DOC0543,PSRF001014_0001,Scienze
DOC0544,PSRF001014_0004,Educazione Fisica
DOC0545,PSRF001014_0003,Matematica
DOC0546,PSSD07000N_0040,Storia
DOC0547,PSSD07000N_0039,Matematica
DOC0548,PSSD07000N_0039,Educazione Fisica
DOC0549,PSSD07000N_0045,Italiano
DOC0549,PSSD07000N_0046,Italiano
DOC0550,PSSD07000N_0040,Scienze
DOC0551,PSSD07000N_0001,Italiano
DOC0552,PSSD07000N_0007,Matematica
DOC0553,PSSD07000N_0041,Educazione Fisica
DOC0554,PSSD07000N_0042,Storia
DOC0554,PSSD07000N_0041,Storia
DOC0555,PSSD07000N_0041,Scienze
DOC0556,PSSD07000N_0010,Educazione Fisica
DOC0557,PSSD07000N_0028,Matematica
DOC0558,PSSD07000N_0016,Scienze
DOC0559,PSSD07000N_0026,Italiano
DOC0560,PSSD07000N_0014,Storia
DOC0560,PSSD07000N_0025,Storia
DOC0561,PSSD07000N_0004,Matematica
DOC0561,PSSD07000N_0050,Matematica
DOC0562,PSSD07000N_0004,Scienze
DOC0562,PSSD07000N_0051,Scienze
DOC0563,PSSD07000N_0032,Storia
DOC0564,PSSD07000N_0003,Italiano
DOC0564,PSSD07000N_0004,Italiano
DOC0565,PSSD07000N_0032,Educazione Fisica
DOC0565,PSSD07000N_0002,Educazione Fisica
DOC0566,PSSD07000N_0008,Scienze
DOC0566,PSSD07000N_0053,Scienze
DOC0567,PSSD07000N_0008,Storia
DOC0567,PSSD07000N_0009,Storia
DOC0568,PSSD07000N_0020,Matematica
DOC0568,PSSD07000N_0008,Matematica
DOC0569,PSSD07000N_0052,Educazione Fisica
DOC0569,PSSD07000N_0009,Educazione Fisica
DOC0570,PSSD07000N_0008,Italiano
DOC0571,PSSD07000N_0030,Matematica
DOC0572,PSSD07000N_0036,Italiano
DOC0573,PSSD07000N_0031,Educazione Fisica
DOC0574,PSSD07000N_0031,Storia
DOC0574,PSSD07000N_0036,Storia
DOC0575,PSSD07000N_0047,Scienze
DOC0576,PSSD07000N_0043,Educazione Fisica
DOC0577,PSSD07000N_0043,Storia
DOC0577,PSSD07000N_0035,Storia
DOC0578,PSSD07000N_0044,Matematica
DOC0578,PSSD07000N_0038,Matematica
DOC0579,PSSD07000N_0044,Scienze
DOC0579,PSSD07000N_0043,Scienze
DOC0580,PSSD07000N_0035,Italiano
DOC0581,PSTA01301D_0015,Storia
DOC0581,PSTA01301D_0018,Storia
DOC0582,PSTA01301D_0017,Matematica
DOC0582,PSTA01301D_0011,Matematica
DOC0583,PSTA01301D_0011,Educazione Fisica
DOC0583,PSTA01301D_0019,Educazione Fisica
DOC0584,PSTA01301D_0019,Italiano
DOC0585,PSTA01301D_0011,Scienze
DOC0585,PSTA01301D_0019,Scienze
DOC0586,PSTA01301D_0026,Educazione Fisica
DOC0586,PSTA01301D_0008,Educazione Fisica
DOC0587,PSTA01301D_0026,Scienze
DOC0587,PSTA01301D_0004,Scienze
DOC0588,PSTA01301D_0009,Matematica
DOC0588,PSTA01301D_0008,Matematica
DOC0589,PSTA01301D_0003,Storia
DOC0590,PSTA01301D_0009,Italiano
DOC0590,PSTA01301D_0004,Italiano
DOC0591,PSTA01301D_0029,Educazione Fisica
DOC0591,PSTA01301D_0027,Educazione Fisica
DOC0592,PSTA01301D_0028,Matematica
DOC0592,PSTA01301D_0006,Matematica
DOC0593,PSTA01301D_0006,Scienze
DOC0594,PSTA01301D_0005,Storia
DOC0594,PSTA01301D_0024,Storia
DOC0595,PSTA01301D_0006,Italiano
DOC0596,PSTA01301D_0002,Storia
DOC0596,PSTA01301D_0022,Storia
DOC0597,PSTA01301D_0022,Scienze
DOC0598,PSTA01301D_0001,Matematica
DOC0598,PSTA01301D_0010,Matematica
DOC0599,PSTA01301D_0022,Italiano
DOC0599,PSTA01301D_0010,Italiano
DOC0600,PSTA01301D_0001,Educazione Fisica
DOC0601,PTRA010008_0008,Educazione Fisica
DOC0601,PTRA010008_0014,Educazione Fisica
DOC0602,PTRA010008_0043,Scienze
DOC0602,PTRA010008_0039,Scienze
DOC0603,PTRA010008_0007,Matematica
DOC0604,PTRA010008_0007,Storia
DOC0604,PTRA010008_0042,Storia
DOC0605,PTRA010008_0041,Italiano
DOC0606,PTRA010008_0033,Scienze
DOC0606,PTRA010008_0023,Scienze
DOC0607,PTRA010008_0026,Storia
DOC0607,PTRA010008_0025,Storia
DOC0608,PTRA010008_0033,Educazione Fisica
DOC0608,PTRA010008_0028,Educazione Fisica
DOC0609,PTRA010008_0024,Matematica
DOC0610,PTRA010008_0037,Italiano
DOC0611,PTRA010008_0035,Educazione Fisica
DOC0612,PTRA010008_0029,Italiano
DOC0612,PTRA010008_0002,Italiano
DOC0613,PTRA010008_0029,Scienze
DOC0614,PTRA010008_0016,Matematica
DOC0614,PTRA010008_0031,Matematica
DOC0615,PTRA010008_0019,Storia
DOC0615,PTRA010008_0053,Storia
DOC0616,PTRA010008_0022,Storia
DOC0616,PTRA010008_0021,Storia
DOC0617,PTRA010008_0005,Educazione Fisica
DOC0617,PTRA010008_0021,Educazione Fisica
DOC0618,PTRA010008_0049,Scienze
DOC0618,PTRA010008_0047,Scienze
DOC0619,PTRA010008_0049,Matematica
DOC0619,PTRA010008_0022,Matematica
DOC0620,PTRA010008_0021,Italiano
DOC0620,PTRA010008_0006,Italiano
DOC0621,PTRA010008_0045,Scienze
DOC0622,PTRA010008_0044,Italiano
DOC0622,PTRA010008_0045,Italiano
DOC0623,PTRA010008_0045,Storia
DOC0624,PTRA010008_0044,Matematica
DOC0624,PTRA010008_0045,Matematica
DOC0625,PTRA010008_0045,Educazione Fisica
DOC0626,PTRA010008_0055,Storia
DOC0627,PTRA010008_0055,Matematica
DOC0628,PTRA010008_0055,Italiano
DOC0629,PTRA010008_0055,Educazione Fisica
DOC0630,PTRA010008_0055,Scienze
DOC0631,PVRC00801V_0018,Educazione Fisica
DOC0632,PVRC00801V_0006,Storia
DOC0633,PVRC00801V_0018,Matematica
DOC0633,PVRC00801V_0004,Matematica
DOC0634,PVRC00801V_0006,Scienze
DOC0634,PVRC00801V_0005,Scienze
DOC0635,PVRC00801V_0003,Italiano
DOC0636,PVRC00801V_0013,Storia
DOC0637,PVRC00801V_0013,Matematica
DOC0638,PVRC00801V_0013,Scienze
DOC0639,PVRC00801V_0013,Educazione Fisica
DOC0640,PVRC00801V_0013,Italiano
DOC0641,PVRC00801V_0011,Storia
DOC0641,PVRC00801V_0008,Storia
DOC0642,PVRC00801V_0007,Educazione Fisica
DOC0642,PVRC00801V_0008,Educazione Fisica
DOC0643,PVRC00801V_0012,Matematica
DOC0644,PVRC00801V_0007,Scienze
DOC0645,PVRC00801V_0007,Italiano
DOC0646,PVRC00801V_0002,Storia
DOC0647,PVRC00801V_0010,Scienze
DOC0648,PVRC00801V_0014,Matematica
DOC0649,PVRC00801V_0022,Educazione Fisica
DOC0649,PVRC00801V_0020,Educazione Fisica
DOC0650,PVRC00801V_0009,Italiano
DOC0651,PVRC00801V_0023,Storia
DOC0652,PVRC00801V_0023,Scienze
DOC0653,PVRC00801V_0023,Matematica
DOC0654,PVRC00801V_0023,Educazione Fisica
DOC0655,PVRC00801V_0023,Italiano
DOC0656,PZRI00702V_0002,Scienze
DOC0656,PZRI00702V_0001,Scienze
DOC0657,PZRI00702V_0001,Italiano
DOC0657,PZRI00702V_0002,Italiano
DOC0658,PZRI00702V_0001,Storia
DOC0659,PZRI00702V_0001,Matematica
DOC0660,PZRI00702V_0001,Educazione Fisica
DOC0661,REPS016016_0034,Educazione Fisica
DOC0662,REPS016016_0007,Italiano
DOC0663,REPS016016_0008,Scienze
DOC0664,REPS016016_0033,Matematica
DOC0665,REPS016016_0006,Storia
DOC0665,REPS016016_0032,Storia
DOC0666,REPS016016_0024,Matematica
DOC0667,REPS016016_0025,Italiano
DOC0668,REPS016016_0015,Storia
DOC0668,REPS016016_0014,Storia
DOC0669,REPS016016_0026,Educazione Fisica
DOC0670,REPS016016_0013,Scienze
DOC0671,REPS016016_0016,Italiano
DOC0671,REPS016016_0002,Italiano
DOC0672,REPS016016_0016,Scienze
DOC0673,REPS016016_0002,Educazione Fisica
DOC0673,REPS016016_0019,Educazione Fisica
DOC0674,REPS016016_0017,Matematica
DOC0674,REPS016016_0016,Matematica
DOC0675,REPS016016_0016,Storia
DOC0676,RGRI00250C_0001,Italiano
DOC0677,RGRI00250C_0001,Educazione Fisica
DOC0678,RGRI00250C_0002,Matematica
DOC0679,RGRI00250C_0002,Scienze
DOC0680,RGRI00250C_0005,Storia
DOC0680,RGRI00250C_0004,Storia
DOC0681,RMPC030006_0004,Italiano
DOC0682,RMPC030006_0031,Storia
DOC0683,RMPC030006_0024,Matematica
DOC0684,RMPC030006_0044,Scienze
DOC0685,RMPC030006_0018,Educazione Fisica
DOC0686,RMPC030006_0054,Storia
DOC0686,RMPC030006_0035,Storia
DOC0687,RMPC030006_0035,Scienze
DOC0688,RMPC030006_0050,Matematica
DOC0688,RMPC030006_0009,Matematica
DOC0689,RMPC030006_0046,Educazione Fisica
DOC0689,RMPC030006_0038,Educazione Fisica
DOC0690,RMPC030006_0054,Italiano
DOC0691,RMTF090003_0052,Italiano
DOC0692,RMTF090003_0071,Matematica
DOC0693,RMTF090003_0045,Educazione Fisica
DOC0694,RMTF090003_0052,Storia
DOC0695,RMTF090003_0052,Scienze
DOC0695,RMTF090003_0045,Scienze
DOC0696,RMTF090003_0068,Storia
DOC0696,RMTF090003_0007,Storia
DOC0697,RMTF090003_0068,Matematica
DOC0698,RMTF090003_0056,Italiano
DOC0699,RMTF090003_0055,Educazione Fisica
DOC0700,RMTF090003_0056,Scienze
DOC0701,RMTF090003_0072,Educazione Fisica
DOC0702,RMTF090003_0073,Italiano
DOC0703,RMTF090003_0072,Matematica
DOC0704,RMTF090003_0073,Scienze
DOC0705,RMTF090003_0073,Storia
DOC0705,RMTF090003_0072,Storia
DOC0706,RMTF090003_0022,Storia
DOC0707,RMTF090003_0022,Scienze
DOC0707,RMTF090003_0070,Scienze
DOC0708,RMTF090003_0070,Matematica
DOC0709,RMTF090003_0074,Educazione Fisica
DOC0710,RMTF090003_0022,Italiano
DOC0710,RMTF090003_0070,Italiano
DOC0711,RMTF090003_0075,Storia
DOC0712,RMTF090003_0075,Matematica
DOC0713,RMTF090003_0075,Scienze
DOC0714,RMTF090003_0075,Italiano
DOC0715,RMTF090003_0075,Educazione Fisica
DOC0716,RMTF090003_0026,Italiano
DOC0717,RMTF090003_0024,Educazione Fisica
DOC0717,RMTF090003_0026,Educazione Fisica
DOC0718,RMTF090003_0050,Storia
DOC0719,RMTF090003_0051,Matematica
DOC0719,RMTF090003_0050,Matematica
DOC0720,RMTF090003_0026,Scienze
DOC0721,RMTF090003_0014,Italiano
DOC0722,RMTF090003_0015,Scienze
DOC0723,RMTF090003_0013,Educazione Fisica
DOC0724,RMTF090003_0013,Matematica
DOC0724,RMTF090003_0010,Matematica
DOC0725,RMTF090003_0061,Storia
DOC0725,RMTF090003_0010,Storia
DOC0726,RMTF090003_0042,Educazione Fisica
DOC0727,RMTF090003_0002,Italiano
DOC0728,RMTF090003_0002,Scienze
DOC0728,RMTF090003_0001,Scienze
DOC0729,RMTF090003_0042,Matematica
DOC0730,RMTF090003_0002,Storia
DOC0730,RMTF090003_0042,Storia
DOC0731,RMTF090003_0018,Scienze
DOC0732,RMTF090003_0018,Italiano
DOC0733,RMTF090003_0017,Matematica
DOC0733,RMTF090003_0018,Matematica
DOC0734,RMTF090003_0017,Storia
DOC0735,RMTF090003_0017,Educazione Fisica
DOC0736,RMTF090003_0029,Scienze
DOC0737,RMTF090003_0029,Educazione Fisica
DOC0737,RMTF090003_0077,Educazione Fisica
DOC0738,RMTF090003_0076,Italiano
DOC0738,RMTF090003_0027,Italiano
DOC0739,RMTF090003_0077,Storia
DOC0740,RMTF090003_0029,Matematica
DOC0741,RMTF090003_0044,Italiano
DOC0741,RMTF090003_0023,Italiano
DOC0742,RMTF090003_0044,Storia
DOC0743,RMTF090003_0043,Educazione Fisica
DOC0743,RMTF090003_0044,Educazione Fisica
DOC0744,RMTF090003_0023,Matematica
DOC0744,RMTF090003_0021,Matematica
DOC0745,RMTF090003_0043,Scienze
DOC0745,RMTF090003_0020,Scienze
DOC0746,RMTF090003_0058,Scienze
DOC0747,RMTF090003_0049,Storia
DOC0747,RMTF090003_0034,Storia
DOC0748,RMTF090003_0034,Matematica
DOC0749,RMTF090003_0057,Educazione Fisica
DOC0749,RMTF090003_0034,Educazione Fisica
DOC0750,RMTF090003_0031,Italiano
DOC0751,RMTF090003_0053,Storia
DOC0752,RMTF090003_0069,Scienze
DOC0753,RMTF090003_0054,Educazione Fisica
DOC0754,RMTF090003_0069,Italiano
DOC0754,RMTF090003_0054,Italiano
DOC0755,RMTF090003_0069,Matematica
DOC0755,RMTF090003_0054,Matematica
DOC0756,RNRH03050A_0006,Italiano
DOC0757,RNRH03050A_0005,Matematica
DOC0758,RNRH03050A_0006,Educazione Fisica
DOC0759,RNRH03050A_0006,Scienze
DOC0759,RNRH03050A_0005,Scienze
DOC0760,RNRH03050A_0005,Storia
DOC0760,RNRH03050A_0006,Storia
DOC0761,RNRH03050A_0003,Matematica
DOC0761,RNRH03050A_0002,Matematica
DOC0762,RNRH03050A_0003,Scienze
DOC0762,RNRH03050A_0002,Scienze
DOC0763,RNRH03050A_0002,Storia
DOC0763,RNRH03050A_0003,Storia
DOC0764,RNRH03050A_0002,Italiano
DOC0765,RNRH03050A_0003,Educazione Fisica
DOC0766,RNRH03050A_0004,Matematica
DOC0766,RNRH03050A_0001,Matematica
DOC0767,RNRH03050A_0001,Scienze
DOC0768,RNRH03050A_0001,Storia
DOC0768,RNRH03050A_0004,Storia
DOC0769,RNRH03050A_0004,Educazione Fisica
DOC0769,RNRH03050A_0001,Educazione Fisica
DOC0770,RNRH03050A_0001,Italiano
DOC0770,RNRH03050A_0004,Italiano
DOC0771,SATF04601D_0008,Scienze
DOC0771,SATF04601D_0001,Scienze
DOC0772,SATF04601D_0001,Italiano
DOC0772,SATF04601D_0008,Italiano
DOC0773,SATF04601D_0008,Educazione Fisica
DOC0773,SATF04601D_0001,Educazione Fisica
DOC0774,SATF04601D_0008,Storia
DOC0775,SATF04601D_0001,Matematica
DOC0776,SATF04601D_0006,Italiano
DOC0777,SATF04601D_0006,Storia
DOC0777,SATF04601D_0007,Storia
DOC0778,SATF04601D_0027,Matematica
DOC0779,SATF04601D_0007,Educazione Fisica
DOC0779,SATF04601D_0027,Educazione Fisica
DOC0780,SATF04601D_0024,Scienze
DOC0781,SATF04601D_0004,Italiano
DOC0781,SATF04601D_0018,Italiano
DOC0782,SATF04601D_0020,Matematica
DOC0783,SATF04601D_0019,Educazione Fisica
DOC0783,SATF04601D_0003,Educazione Fisica
DOC0784,SATF04601D_0019,Scienze
DOC0784,SATF04601D_0005,Scienze
DOC0785,SATF04601D_0005,Storia
DOC0786,SATF04601D_0037,Educazione Fisica
DOC0786,SATF04601D_0016,Educazione Fisica
DOC0787,SATF04601D_0029,Matematica
DOC0788,SATF04601D_0030,Storia
DOC0789,SATF04601D_0036,Italiano
DOC0789,SATF04601D_0015,Italiano
DOC0790,SATF04601D_0017,Scienze
DOC0790,SATF04601D_0035,Scienze
DOC0791,SATF04601D_0023,Matematica
DOC0792,SATF04601D_0033,Educazione Fisica
DOC0793,SATF04601D_0022,Italiano
DOC0793,SATF04601D_0033,Italiano
DOC0794,SATF04601D_0022,Storia
DOC0794,SATF04601D_0023,Storia
DOC0795,SATF04601D_0034,Scienze
DOC0796,SATF04601D_0013,Italiano
DOC0796,SATF04601D_0026,Italiano
DOC0797,SATF04601D_0010,Educazione Fisica
DOC0798,SATF04601D_0012,Scienze
DOC0798,SATF04601D_0026,Scienze
DOC0799,SATF04601D_0013,Storia
DOC0799,SATF04601D_0010,Storia
DOC0800,SATF04601D_0011,Matematica
DOC0800,SATF04601D_0025,Matematica
DOC0801,SPPC011016_0036,Educazione Fisica
DOC0802,SPPC011016_0024,Scienze
DOC0803,SPPC011016_0002,Matematica
DOC0803,SPPC011016_0003,Matematica
DOC0804,SPPC011016_0001,Storia
DOC0804,SPPC011016_0036,Storia
DOC0805,SPPC011016_0035,Italiano
DOC0805,SPPC011016_0012,Italiano
DOC0806,SPPC011016_0015,Matematica
DOC0806,SPPC011016_0021,Matematica
DOC0807,SPPC011016_0022,Storia
DOC0807,SPPC011016_0010,Storia
DOC0808,SPPC011016_0031,Italiano
DOC0808,SPPC011016_0017,Italiano
DOC0809,SPPC011016_0014,Scienze
DOC0810,SPPC011016_0013,Educazione Fisica
DOC0810,SPPC011016_0026,Educazione Fisica
DOC0811,SSRH07050X_0004,Italiano
DOC0812,SSRH07050X_0004,Storia
DOC0813,SSRH07050X_0003,Matematica
DOC0813,SSRH07050X_0004,Matematica
DOC0814,SSRH07050X_0004,Educazione Fisica
DOC0815,SSRH07050X_0004,Scienze
DOC0816,SSRH07050X_0001,Educazione Fisica
DOC0817,SSRH07050X_0005,Scienze
DOC0817,SSRH07050X_0002,Scienze
DOC0818,SSRH07050X_0005,Italiano
DOC0819,SSRH07050X_0002,Storia
DOC0819,SSRH07050X_0001,Storia
DOC0820,SSRH07050X_0002,Matematica
DOC0820,SSRH07050X_0005,Matematica
DOC0821,SSRI02201N_0002,Educazione Fisica
DOC0822,SSRI02201N_0003,Storia
DOC0822,SSRI02201N_0002,Storia
DOC0823,SSRI02201N_0003,Italiano
DOC0823,SSRI02201N_0002,Italiano
DOC0824,SSRI02201N_0003,Matematica
DOC0825,SSRI02201N_0002,Scienze
DOC0825,SSRI02201N_0003,Scienze
DOC0826,SSRI02201N_0004,Educazione Fisica
DOC0826,SSRI02201N_0001,Educazione Fisica
DOC0827,SSRI02201N_0004,Matematica
DOC0828,SSRI02201N_0001,Storia
DOC0829,SSRI02201N_0004,Scienze
DOC0829,SSRI02201N_0001,Scienze
DOC0830,SSRI02201N_0001,Italiano
DOC0831,SSSL030029_0004,Storia
DOC0831,SSSL030029_0005,Storia
DOC0832,SSSL030029_0003,Educazione Fisica
DOC0832,SSSL030029_0005,Educazione Fisica
DOC0833,SSSL030029_0001,Scienze
DOC0833,SSSL030029_0003,Scienze
DOC0834,SSSL030029_0001,Matematica
DOC0834,SSSL030029_0002,Matematica
DOC0835,SSSL030029_0003,Italiano
DOC0836,TERI011015_0003,Storia
DOC0836,TERI011015_0001,Storia
DOC0837,TERI011015_0003,Matematica
DOC0837,TERI011015_0009,Matematica
DOC0838,TERI011015_0009,Scienze
DOC0839,TERI011015_0003,Italiano
DOC0839,TERI011015_0002,Italiano
DOC0840,TERI011015_0003,Educazione Fisica
DOC0840,TERI011015_0001,Educazione Fisica
DOC0841,TERI011015_0013,Italiano
DOC0841,TERI011015_0018,Italiano
DOC0842,TERI011015_0013,Educazione Fisica
DOC0843,TERI011015_0006,Scienze
DOC0844,TERI011015_0005,Matematica
DOC0845,TERI011015_0015,Storia
DOC0845,TERI011015_0005,Storia
DOC0846,TERI011015_0011,Scienze
DOC0846,TERI011015_0012,Scienze
DOC0847,TERI011015_0011,Italiano
DOC0848,TERI011015_0012,Matematica
DOC0848,TERI011015_0010,Matematica
DOC0849,TERI011015_0012,Educazione Fisica
DOC0849,TERI011015_0010,Educazione Fisica
DOC0850,TERI011015_0011,Storia
DOC0850,TERI011015_0012,Storia
DOC0851,TERI011015_0007,Educazione Fisica
DOC0852,TERI011015_0007,Italiano
DOC0852,TERI011015_0008,Italiano
DOC0853,TERI011015_0008,Matematica
DOC0853,TERI011015_0007,Matematica
DOC0854,TERI011015_0008,Scienze
DOC0855,TERI011015_0008,Storia
DOC0855,TERI011015_0007,Storia
DOC0856,TORI04752V_0003,Educazione Fisica
DOC0856,TORI04752V_0001,Educazione Fisica
DOC0857,TORI04752V_0003,Matematica
DOC0858,TORI04752V_0001,Scienze
DOC0858,TORI04752V_0003,Scienze
DOC0859,TORI04752V_0003,Storia
DOC0860,TORI04752V_0003,Italiano
DOC0860,TORI04752V_0002,Italiano
DOC0861,TOTL03401B_0002,Italiano
DOC0862,TOTL03401B_0006,Matematica
DOC0863,TOTL03401B_0002,Storia
DOC0863,TOTL03401B_0006,Storia
DOC0864,TOTL03401B_0002,Educazione Fisica
DOC0864,TOTL03401B_0003,Educazione Fisica
DOC0865,TOTL03401B_0004,Scienze
DOC0865,TOTL03401B_0003,Scienze
DOC0866,TOTL03401B_0001,Scienze
DOC0866,TOTL03401B_0009,Scienze
DOC0867,TOTL03401B_0008,Storia
DOC0867,TOTL03401B_0009,Storia
DOC0868,TOTL03401B_0007,Educazione Fisica
DOC0869,TOTL03401B_0009,Italiano
DOC0869,TOTL03401B_0010,Italiano
DOC0870,TOTL03401B_0008,Matematica
DOC0871,TPTL02151L_0001,Italiano
DOC0872,TPTL02151L_0002,Educazione Fisica
DOC0873,TPTL02151L_0002,Matematica
DOC0874,TPTL02151L_0001,Storia
DOC0874,TPTL02151L_0002,Storia
DOC0875,TPTL02151L_0002,Scienze
DOC0875,TPTL02151L_0001,Scienze
DOC0876,TPTL02151L_0003,Italiano
DOC0877,TPTL02151L_0003,Educazione Fisica
DOC0877,TPTL02151L_0004,Educazione Fisica
DOC0878,TPTL02151L_0003,Scienze
DOC0879,TPTL02151L_0004,Storia
DOC0880,TPTL02151L_0004,Matematica
DOC0881,UDRC013019_0010,Italiano
DOC0882,UDRC013019_0004,Matematica
DOC0882,UDRC013019_0008,Matematica
DOC0883,UDRC013019_0004,Educazione Fisica
DOC0884,UDRC013019_0010,Storia
DOC0885,UDRC013019_0004,Scienze
DOC0886,UDRC013019_0001,Matematica
DOC0886,UDRC013019_0002,Matematica
DOC0887,UDRC013019_0007,Scienze
DOC0888,UDRC013019_0009,Educazione Fisica
DOC0888,UDRC013019_0006,Educazione Fisica
DOC0889,UDRC013019_0007,Italiano
DOC0889,UDRC013019_0003,Italiano
DOC0890,UDRC013019_0001,Storia
DOC0891,UDRI01401T_0003,Scienze
DOC0891,UDRI01401T_0004,Scienze
DOC0892,UDRI01401T_0003,Storia
DOC0892,UDRI01401T_0004,Storia
DOC0893,UDRI01401T_0003,Educazione Fisica
DOC0894,UDRI01401T_0004,Italiano
DOC0895,UDRI01401T_0004,Matematica
DOC0896,UDRI01401T_0001,Educazione Fisica
DOC0897,UDRI01401T_0001,Italiano
DOC0897,UDRI01401T_0007,Italiano
DOC0898,UDRI01401T_0007,Matematica
DOC0898,UDRI01401T_0001,Matematica
DOC0899,UDRI01401T_0007,Scienze
DOC0900,UDRI01401T_0007,Storia
DOC0901,UDRI01401T_0006,Italiano
DOC0902,UDRI01401T_0006,Educazione Fisica
DOC0903,UDRI01401T_0006,Scienze
DOC0904,UDRI01401T_0005,Matematica
DOC0905,UDRI01401T_0005,Storia
DOC0905,UDRI01401T_0006,Storia
DOC0906,UDRI01401T_0011,Italiano
DOC0907,UDRI01401T_0010,Matematica
DOC0907,UDRI01401T_0011,Matematica
DOC0908,UDRI01401T_0011,Scienze
DOC0909,UDRI01401T_0011,Storia
DOC0909,UDRI01401T_0010,Storia
DOC0910,UDRI01401T_0011,Educazione Fisica
DOC0911,UDRI01401T_0013,Italiano
DOC0911,UDRI01401T_0014,Italiano
DOC0912,UDRI01401T_0013,Storia
DOC0913,UDRI01401T_0002,Educazione Fisica
DOC0913,UDRI01401T_0014,Educazione Fisica
DOC0914,UDRI01401T_0013,Matematica
DOC0915,UDRI01401T_0002,Scienze
DOC0916,UDRI01401T_0015,Educazione Fisica
DOC0917,UDRI01401T_0009,Matematica
DOC0917,UDRI01401T_0008,Matematica
DOC0918,UDRI01401T_0015,Italiano
DOC0919,UDRI01401T_0008,Scienze
DOC0919,UDRI01401T_0015,Scienze
DOC0920,UDRI01401T_0009,Storia
DOC0920,UDRI01401T_0015,Storia
DOC0921,VIRI00601T_0007,Educazione Fisica
DOC0922,VIRI00601T_0018,Matematica
DOC0922,VIRI00601T_0007,Matematica
DOC0923,VIRI00601T_0009,Scienze
DOC0924,VIRI00601T_0009,Italiano
DOC0924,VIRI00601T_0018,Italiano
DOC0925,VIRI00601T_0018,Storia
DOC0926,VIRI00601T_0005,Storia
DOC0926,VIRI00601T_0011,Storia
DOC0927,VIRI00601T_0020,Educazione Fisica
DOC0928,VIRI00601T_0022,Scienze
DOC0929,VIRI00601T_0021,Italiano
DOC0930,VIRI00601T_0022,Matematica
DOC0931,VIRI00601T_0013,Matematica
DOC0931,VIRI00601T_0003,Matematica
DOC0932,VIRI00601T_0015,Storia
DOC0933,VIRI00601T_0003,Scienze
DOC0934,VIRI00601T_0017,Italiano
DOC0935,VIRI00601T_0013,Educazione Fisica
DOC0935,VIRI00601T_0003,Educazione Fisica
DOC0936,VIRI00601T_0001,Educazione Fisica
DOC0937,VIRI00601T_0001,Matematica
DOC0938,VIRI00601T_0001,Storia
DOC0939,VIRI00601T_0001,Italiano
DOC0940,VIRI00601T_0001,Scienze
DOC0941,VIRI00601T_0016,Educazione Fisica
DOC0941,VIRI00601T_0012,Educazione Fisica
DOC0942,VIRI00601T_0012,Storia
DOC0942,VIRI00601T_0016,Storia
DOC0943,VIRI00601T_0008,Scienze
DOC0944,VIRI00601T_0016,Matematica
DOC0945,VIRI00601T_0016,Italiano
DOC0946,VISL01302N_0001,Storia
DOC0946,VISL01302N_0002,Storia
DOC0947,VISL01302N_0002,Educazione Fisica
DOC0947,VISL01302N_0001,Educazione Fisica
DOC0948,VISL01302N_0002,Scienze
DOC0949,VISL01302N_0002,Matematica
DOC0949,VISL01302N_0001,Matematica
DOC0950,VISL01302N_0001,Italiano
DOC0950,VISL01302N_0002,Italiano
DOC0951,VRTD004015_0014,Educazione Fisica
DOC0952,VRTD004015_0012,Scienze
DOC0952,VRTD004015_0010,Scienze
DOC0953,VRTD004015_0011,Matematica
DOC0954,VRTD004015_0014,Storia
DOC0955,VRTD004015_0017,Italiano
DOC0955,VRTD004015_0012,Italiano
DOC0956,VRTD004015_0004,Scienze
DOC0956,VRTD004015_0008,Scienze
DOC0957,VRTD004015_0008,Matematica
DOC0958,VRTD004015_0008,Educazione Fisica
DOC0958,VRTD004015_0016,Educazione Fisica
DOC0959,VRTD004015_0008,Italiano
DOC0959,VRTD004015_0004,Italiano
DOC0960,VRTD004015_0004,Storia
DOC0961,VRTD004015_0023,Scienze
DOC0962,VRTD004015_0025,Storia
DOC0962,VRTD004015_0023,Storia
DOC0963,VRTD004015_0025,Italiano
DOC0963,VRTD004015_0023,Italiano
DOC0964,VRTD004015_0025,Matematica
DOC0964,VRTD004015_0023,Matematica
DOC0965,VRTD004015_0025,Educazione Fisica
DOC0966,VRTD004015_0020,Matematica
DOC0967,VRTD004015_0001,Storia
DOC0968,VRTD004015_0020,Scienze
DOC0968,VRTD004015_0024,Scienze
DOC0969,VRTD004015_0024,Italiano
DOC0970,VRTD004015_0020,Educazione Fisica
DOC0971,VRTD004015_0002,Storia
DOC0972,VRTD004015_0021,Matematica
DOC0972,VRTD004015_0002,Matematica
DOC0973,VRTD004015_0005,Scienze
DOC0973,VRTD004015_0002,Scienze
DOC0974,VRTD004015_0022,Italiano
DOC0975,VRTD004015_0003,Educazione Fisica
DOC0976,VRTD004015_0006,Matematica
DOC0977,VRTD004015_0009,Storia
DOC0978,VRTD004015_0007,Scienze
DOC0979,VRTD004015_0007,Educazione Fisica
DOC0980,VRTD004015_0006,Italiano
DOC0980,VRTD004015_0007,Italiano
