id_classe,indirizzo
CL0001,ARTI FIGURATIVE - PLASTICO PITTORICO
CL0002,ARTI FIGURATIVE - PLASTICO PITTORICO
CL0003,ARTI FIGURATIVE - PLASTICO PITTORICO
CL0004,ARTISTICO NUOVO ORDINAMENTO - BIENNIO COMUNE
CL0005,ARTISTICO NUOVO ORDINAMENTO - BIENNIO COMUNE
CL0006,ARTISTICO NUOVO ORDINAMENTO - BIENNIO COMUNE
CL0007,ARTISTICO NUOVO ORDINAMENTO - BIENNIO COMUNE
CL0008,DESIGN - METALLI OREFICERIA E CORALLO
CL0009,DESIGN - METALLI OREFICERIA E CORALLO
CL0010,DESIGN - METALLI OREFICERIA E CORALLO
CL0011,DESIGN - METALLI OREFICERIA E CORALLO
CL0012,DESIGN - METALLI OREFICERIA E CORALLO
CL0013,DESIGN - METALLI OREFICERIA E CORALLO
CL0014,DESIGN - METALLI OREFICERIA E CORALLO
CL0015,DESIGN - MODA
CL0016,DESIGN - MODA
CL0017,DESIGN - MODA
CL0018,DESIGN - MODA
CL0019,DESIGN - MODA
CL0020,DESIGN - MODA
CL0021,DESIGN - MODA
CL0022,ARTIGIANATO - TRIENNIO
CL0023,ARTIGIANATO - TRIENNIO
CL0024,ARTIGIANATO - TRIENNIO
CL0025,ARTIGIANATO - TRIENNIO
CL0026,ARTIGIANATO - TRIENNIO
CL0027,ARTIGIANATO - TRIENNIO
CL0028,MANUTENZIONE E ASSISTENZA TECNICA
CL0029,MANUTENZIONE E ASSISTENZA TECNICA
CL0030,MANUTENZIONE E ASSISTENZA TECNICA
CL0031,MANUTENZIONE E ASSISTENZA TECNICA
CL0032,MANUTENZIONE E ASSISTENZA TECNICA
CL0033,INDUSTRIA E ARTIGIANATO PER IL MADE IN ITALY
CL0034,INDUSTRIA E ARTIGIANATO PER IL MADE IN ITALY
CL0035,INDUSTRIA E ARTIGIANATO PER IL MADE IN ITALY
CL0036,INDUSTRIA E ARTIGIANATO PER IL MADE IN ITALY
CL0037,INDUSTRIA E ARTIGIANATO PER IL MADE IN ITALY
CL0038,INDUSTRIA E ARTIGIANATO PER IL MADE IN ITALY
CL0039,INDUSTRIA E ARTIGIANATO PER IL MADE IN ITALY
CL0040,MANUTENZIONE E ASSISTENZA TECNICA
CL0041,MANUTENZIONE E ASSISTENZA TECNICA
CL0042,MANUTENZIONE E ASSISTENZA TECNICA
CL0043,MANUTENZIONE E ASSISTENZA TECNICA
CL0044,OPERATORE MECCANICO
CL0045,OPERATORE MECCANICO
CL0046,OPERATORE MECCANICO
CL0047,OPERATORE MECCANICO
CL0048,OPERATORE MECCANICO
CL0049,OPERATORE MECCANICO
CL0050,OPERATORE MECCANICO
CL0051,ENOGASTRONOMIA E OSPITALITA' ALBERGHIERA
CL0052,ENOGASTRONOMIA E OSPITALITA' ALBERGHIERA
CL0053,ENOGASTRONOMIA E OSPITALITA' ALBERGHIERA
CL0054,ENOGASTRONOMIA E OSPITALITA' ALBERGHIERA
CL0055,OPERATORE DELLA RISTORAZIONE
CL0056,OPERATORE DELLA RISTORAZIONE
CL0057,OPERATORE DELLA RISTORAZIONE
CL0058,OPERATORE DELLA RISTORAZIONE
CL0059,OPERATORE DELLA RISTORAZIONE
CL0060,OPERATORE DELLA RISTORAZIONE
CL0061,ARCHITETTURA E AMBIENTE
CL0062,ARCHITETTURA E AMBIENTE
CL0063,ARCHITETTURA E AMBIENTE
CL0064,ARCHITETTURA E AMBIENTE
CL0065,ARTI FIGURATIVE - PLASTICO PITTORICO
CL0066,ARTI FIGURATIVE - PLASTICO PITTORICO
CL0067,ARTI FIGURATIVE - PLASTICO PITTORICO
CL0068,ARTI FIGURATIVE - PLASTICO PITTORICO
CL0069,ARTISTICO NUOVO ORDINAMENTO - BIENNIO COMUNE
CL0070,ARTISTICO NUOVO ORDINAMENTO - BIENNIO COMUNE
CL0071,ARTISTICO NUOVO ORDINAMENTO - BIENNIO COMUNE
CL0072,AMM. FINAN. MARKETING - BIENNIO COMUNE
CL0073,AMM. FINAN. MARKETING - BIENNIO COMUNE
CL0074,AMM. FINAN. MARKETING - BIENNIO COMUNE
CL0075,AMM. FINAN. MARKETING - BIENNIO COMUNE
CL0076,AMM. FINAN. MARKETING - BIENNIO COMUNE
CL0077,AMM. FINAN. MARKETING - BIENNIO COMUNE
CL0078,AMM. FINAN. MARKETING - BIENNIO COMUNE
CL0079,SISTEMI INFORMATIVI AZIENDALI
CL0080,SISTEMI INFORMATIVI AZIENDALI
CL0081,SISTEMI INFORMATIVI AZIENDALI
CL0082,SISTEMI INFORMATIVI AZIENDALI
CL0083,INDUSTRIA E ARTIGIANATO PER IL MADE IN ITALY
CL0084,INDUSTRIA E ARTIGIANATO PER IL MADE IN ITALY
CL0085,INDUSTRIA E ARTIGIANATO PER IL MADE IN ITALY
CL0086,INDUSTRIA E ARTIGIANATO PER IL MADE IN ITALY
CL0087,INDUSTRIA E ARTIGIANATO PER IL MADE IN ITALY
CL0088,INDUSTRIA E ARTIGIANATO PER IL MADE IN ITALY
CL0089,MANUTENZIONE E ASSISTENZA TECNICA
CL0090,MANUTENZIONE E ASSISTENZA TECNICA
CL0091,MANUTENZIONE E ASSISTENZA TECNICA
CL0092,MANUTENZIONE E ASSISTENZA TECNICA
CL0093,MANUTENZIONE E ASSISTENZA TECNICA
CL0094,MANUTENZIONE E ASSISTENZA TECNICA
CL0095,MANUTENZIONE E ASSISTENZA TECNICA
CL0096,CLASSICO
CL0097,CLASSICO
CL0098,CLASSICO
CL0099,CLASSICO
CL0100,CLASSICO
CL0101,CLASSICO
CL0102,CLASSICO
CL0103,SCIENTIFICO
CL0104,SCIENTIFICO
CL0105,SCIENTIFICO
CL0106,SCIENTIFICO
CL0107,SCIENTIFICO
CL0108,SCIENTIFICO
CL0109,SCIENTIFICO
CL0110,SCIENTIFICO - OPZIONE SCIENZE APPLICATE
CL0111,SCIENTIFICO - OPZIONE SCIENZE APPLICATE
CL0112,SCIENTIFICO - OPZIONE SCIENZE APPLICATE
CL0113,SCIENTIFICO - OPZIONE SCIENZE APPLICATE
CL0114,SCIENTIFICO - SEZIONE AD INDIRIZZO SPORTIVO
CL0115,SCIENTIFICO - SEZIONE AD INDIRIZZO SPORTIVO
CL0116,SCIENTIFICO - SEZIONE AD INDIRIZZO SPORTIVO
CL0117,SCIENTIFICO - SEZIONE AD INDIRIZZO SPORTIVO
CL0118,SCIENTIFICO - SEZIONE AD INDIRIZZO SPORTIVO
CL0119,AMM. FINAN. MARKETING - BIENNIO COMUNE
CL0120,AMM. FINAN. MARKETING - BIENNIO COMUNE
CL0121,AMM. FINAN. MARKETING - BIENNIO COMUNE
CL0122,RELAZIONI INTERNAZIONALI PER IL MARKETING
CL0123,RELAZIONI INTERNAZIONALI PER IL MARKETING
CL0124,RELAZIONI INTERNAZIONALI PER IL MARKETING
CL0125,RELAZIONI INTERNAZIONALI PER IL MARKETING
CL0126,RELAZIONI INTERNAZIONALI PER IL MARKETING
CL0127,RELAZIONI INTERNAZIONALI PER IL MARKETING
CL0128,ARCHITETTURA E AMBIENTE
CL0129,ARCHITETTURA E AMBIENTE
CL0130,ARCHITETTURA E AMBIENTE
CL0131,ARCHITETTURA E AMBIENTE
CL0132,ARCHITETTURA E AMBIENTE
CL0133,ARCHITETTURA E AMBIENTE
CL0134,ARTI FIGURATIVE - PLASTICO PITTORICO
CL0135,ARTI FIGURATIVE - PLASTICO PITTORICO
CL0136,ARTI FIGURATIVE - PLASTICO PITTORICO
CL0137,ARTI FIGURATIVE - PLASTICO PITTORICO
CL0138,ARTISTICO NUOVO ORDINAMENTO - BIENNIO COMUNE
CL0139,ARTISTICO NUOVO ORDINAMENTO - BIENNIO COMUNE
CL0140,ARTISTICO NUOVO ORDINAMENTO - BIENNIO COMUNE
CL0141,ARTISTICO NUOVO ORDINAMENTO - BIENNIO COMUNE
CL0142,ARTISTICO NUOVO ORDINAMENTO - BIENNIO COMUNE
CL0143,GRAFICA
CL0144,GRAFICA
CL0145,GRAFICA
CL0146,GRAFICA
CL0147,SCENOGRAFIA
CL0148,SCENOGRAFIA
CL0149,SCENOGRAFIA
CL0150,SCENOGRAFIA
CL0151,SCENOGRAFIA
CL0152,SCENOGRAFIA
CL0153,ARCHITETTURA E AMBIENTE
CL0154,ARCHITETTURA E AMBIENTE
CL0155,ARCHITETTURA E AMBIENTE
CL0156,ARCHITETTURA E AMBIENTE
CL0157,ARCHITETTURA E AMBIENTE
CL0158,ARCHITETTURA E AMBIENTE
CL0159,ARTI FIGURATIVE - PLASTICO PITTORICO
CL0160,ARTI FIGURATIVE - PLASTICO PITTORICO
CL0161,ARTI FIGURATIVE - PLASTICO PITTORICO
CL0162,ARTI FIGURATIVE - PLASTICO PITTORICO
CL0163,ARTISTICO NUOVO ORDINAMENTO - BIENNIO COMUNE
CL0164,ARTISTICO NUOVO ORDINAMENTO - BIENNIO COMUNE
CL0165,ARTISTICO NUOVO ORDINAMENTO - BIENNIO COMUNE
CL0166,ARTISTICO NUOVO ORDINAMENTO - BIENNIO COMUNE
CL0167,ARTISTICO NUOVO ORDINAMENTO - BIENNIO COMUNE
CL0168,ARTISTICO NUOVO ORDINAMENTO - BIENNIO COMUNE
CL0169,AUDIOVISIVO MULTIMEDIA
CL0170,AUDIOVISIVO MULTIMEDIA
CL0171,AUDIOVISIVO MULTIMEDIA
CL0172,AUDIOVISIVO MULTIMEDIA
CL0173,AUDIOVISIVO MULTIMEDIA
CL0174,AUDIOVISIVO MULTIMEDIA
CL0175,AUDIOVISIVO MULTIMEDIA
CL0176,CONDUZIONE DI APPARATI ED IMPIANTI MARITTIMI - OPZIONE
CL0177,CONDUZIONE DI APPARATI ED IMPIANTI MARITTIMI - OPZIONE
CL0178,CONDUZIONE DI APPARATI ED IMPIANTI MARITTIMI - OPZIONE
CL0179,CONDUZIONE DI APPARATI ED IMPIANTI MARITTIMI - OPZIONE
CL0180,CONDUZIONE DI APPARATI ED IMPIANTI MARITTIMI - OPZIONE
CL0181,CONDUZIONE DI APPARATI ED IMPIANTI MARITTIMI - OPZIONE
CL0182,TRASPORTI E LOGISTICA - BIENNIO COMUNE
CL0183,TRASPORTI E LOGISTICA - BIENNIO COMUNE
CL0184,TRASPORTI E LOGISTICA - BIENNIO COMUNE
CL0185,TRASPORTI E LOGISTICA - BIENNIO COMUNE
CL0186,TURISMO
CL0187,TURISMO
CL0188,TURISMO
CL0189,TURISMO
CL0190,TURISMO
CL0191,TURISMO
CL0192,TURISMO
CL0193,INDUSTRIA E ARTIGIANATO PER IL MADE IN ITALY
CL0194,INDUSTRIA E ARTIGIANATO PER IL MADE IN ITALY
CL0195,INDUSTRIA E ARTIGIANATO PER IL MADE IN ITALY
CL0196,INDUSTRIA E ARTIGIANATO PER IL MADE IN ITALY
CL0197,MANUTENZIONE E ASSISTENZA TECNICA
CL0198,MANUTENZIONE E ASSISTENZA TECNICA
CL0199,MANUTENZIONE E ASSISTENZA TECNICA
CL0200,MANUTENZIONE E ASSISTENZA TECNICA
CL0201,MANUTENZIONE E ASSISTENZA TECNICA
CL0202,MANUTENZIONE E ASSISTENZA TECNICA
CL0203,MECC. MECCATRON. ENER. - BIENNIO COMUNE
CL0204,MECC. MECCATRON. ENER. - BIENNIO COMUNE
CL0205,MECC. MECCATRON. ENER. - BIENNIO COMUNE
CL0206,MECC. MECCATRON. ENER. - BIENNIO COMUNE
CL0207,MECCANICA E MECCATRONICA
CL0208,MECCANICA E MECCATRONICA
CL0209,MECCANICA E MECCATRONICA
CL0210,MECCANICA E MECCATRONICA
CL0211,MECCANICA E MECCATRONICA
CL0212,MECCANICA E MECCATRONICA
CL0213,MECCANICA E MECCATRONICA
CL0214,ENOGASTRONOMIA E OSPITALITA' ALBERGHIERA
CL0215,ENOGASTRONOMIA E OSPITALITA' ALBERGHIERA
CL0216,ENOGASTRONOMIA E OSPITALITA' ALBERGHIERA
CL0217,ENOGASTRONOMIA E OSPITALITA' ALBERGHIERA
CL0218,OPERATORE DELLA RISTORAZIONE
CL0219,OPERATORE DELLA RISTORAZIONE
CL0220,OPERATORE DELLA RISTORAZIONE
CL0221,OPERATORE DELLA RISTORAZIONE
CL0222,OPERATORE DELLA RISTORAZIONE
CL0223,OPERATORE DELLA RISTORAZIONE
CL0224,"AGRARIA, AGROAL. E AGROIND.-BIENNIO COM."
CL0225,"AGRARIA, AGROAL. E AGROIND.-BIENNIO COM."
CL0226,"AGRARIA, AGROAL. E AGROIND.-BIENNIO COM."
CL0227,"AGRARIA, AGROAL. E AGROIND.-BIENNIO COM."
CL0228,"AGRARIA, AGROAL. E AGROIND.-BIENNIO COM."
CL0229,"AGRARIA, AGROAL. E AGROIND.-BIENNIO COM."
CL0230,"AGRARIA, AGROAL. E AGROIND.-BIENNIO COM."
CL0231,PRODUZIONI E TRASFORMAZIONI
CL0232,PRODUZIONI E TRASFORMAZIONI
CL0233,PRODUZIONI E TRASFORMAZIONI
CL0234,PRODUZIONI E TRASFORMAZIONI
CL0235,"AGRARIA, AGROAL. E AGROIND.-BIENNIO COM."
CL0236,"AGRARIA, AGROAL. E AGROIND.-BIENNIO COM."
CL0237,"AGRARIA, AGROAL. E AGROIND.-BIENNIO COM."
CL0238,"AGRARIA, AGROAL. E AGROIND.-BIENNIO COM."
CL0239,"AGRARIA, AGROAL. E AGROIND.-BIENNIO COM."
CL0240,"AGRARIA, AGROAL. E AGROIND.-BIENNIO COM."
CL0241,GESTIONE DELL'AMBIENTE E DEL TERRITORIO
CL0242,GESTIONE DELL'AMBIENTE E DEL TERRITORIO
CL0243,GESTIONE DELL'AMBIENTE E DEL TERRITORIO
CL0244,GESTIONE DELL'AMBIENTE E DEL TERRITORIO
CL0245,PRODUZIONI E TRASFORMAZIONI
CL0246,PRODUZIONI E TRASFORMAZIONI
CL0247,PRODUZIONI E TRASFORMAZIONI
CL0248,PRODUZIONI E TRASFORMAZIONI
CL0249,PRODUZIONI E TRASFORMAZIONI
CL0250,PRODUZIONI E TRASFORMAZIONI
CL0251,PRODUZIONI E TRASFORMAZIONI
CL0252,VITICOLTURA ED ENOLOGIA
CL0253,VITICOLTURA ED ENOLOGIA
CL0254,VITICOLTURA ED ENOLOGIA
CL0255,VITICOLTURA ED ENOLOGIA
CL0256,ENOGASTRONOMIA E OSPITALITA' ALBERGHIERA
CL0257,ENOGASTRONOMIA E OSPITALITA' ALBERGHIERA
CL0258,ENOGASTRONOMIA E OSPITALITA' ALBERGHIERA
CL0259,ENOGASTRONOMIA E OSPITALITA' ALBERGHIERA
CL0260,ENOGASTRONOMIA E OSPITALITA' ALBERGHIERA
CL0261,SCIENZE UMANE - OPZ. ECONOMICO SOCIALE
CL0262,SCIENZE UMANE - OPZ. ECONOMICO SOCIALE
CL0263,SCIENZE UMANE - OPZ. ECONOMICO SOCIALE
CL0264,SCIENZE UMANE - OPZ. ECONOMICO SOCIALE
CL0265,SCIENZE UMANE - OPZ. ECONOMICO SOCIALE
CL0266,SCIENZE UMANE OPZ. ECONOMICO SOCIALE QUADRIENNALE
CL0267,SCIENZE UMANE OPZ. ECONOMICO SOCIALE QUADRIENNALE
CL0268,SCIENZE UMANE OPZ. ECONOMICO SOCIALE QUADRIENNALE
CL0269,SCIENZE UMANE OPZ. ECONOMICO SOCIALE QUADRIENNALE
CL0270,SCIENZE UMANE OPZ. ECONOMICO SOCIALE QUADRIENNALE
CL0271,SCIENZE UMANE OPZ. ECONOMICO SOCIALE QUADRIENNALE
CL0272,SCIENZE UMANE OPZ. ECONOMICO SOCIALE QUADRIENNALE
CL0273,APPARATI IMP.TI SER.ZI TEC.CI IND.LI E CIV.LI - OPZIONE
CL0274,APPARATI IMP.TI SER.ZI TEC.CI IND.LI E CIV.LI - OPZIONE
CL0275,APPARATI IMP.TI SER.ZI TEC.CI IND.LI E CIV.LI - OPZIONE
CL0276,"AGRARIA, AGROAL. E AGROIND.-BIENNIO COM."
CL0277,"AGRARIA, AGROAL. E AGROIND.-BIENNIO COM."
CL0278,"AGRARIA, AGROAL. E AGROIND.-BIENNIO COM."
CL0279,"AGRARIA, AGROAL. E AGROIND.-BIENNIO COM."
CL0280,PRODUZIONI E TRASFORMAZIONI
CL0281,PRODUZIONI E TRASFORMAZIONI
CL0282,PRODUZIONI E TRASFORMAZIONI
CL0283,PRODUZIONI E TRASFORMAZIONI
CL0284,PRODUZIONI E TRASFORMAZIONI
CL0285,PRODUZIONI E TRASFORMAZIONI
CL0286,PRODUZIONI E TRASFORMAZIONI
CL0287,CHIM. MATER. BIOTECN. - BIENNIO COMUNE
CL0288,CHIM. MATER. BIOTECN. - BIENNIO COMUNE
CL0289,CHIM. MATER. BIOTECN. - BIENNIO COMUNE
CL0290,CHIMICA E MATERIALI
CL0291,CHIMICA E MATERIALI
CL0292,CHIMICA E MATERIALI
CL0293,CHIMICA E MATERIALI
CL0294,CHIMICA E MATERIALI
CL0295,ELETTR. ED ELETTROTEC.- BIENNIO COMUNE
CL0296,ELETTR. ED ELETTROTEC.- BIENNIO COMUNE
CL0297,ELETTR. ED ELETTROTEC.- BIENNIO COMUNE
CL0298,ELETTR. ED ELETTROTEC.- BIENNIO COMUNE
CL0299,ELETTRONICA
CL0300,ELETTRONICA
CL0301,ELETTRONICA
CL0302,ELETTRONICA
CL0303,ELETTRONICA
CL0304,INFOR. TELECOM. - BIENNIO COMUNE
CL0305,INFOR. TELECOM. - BIENNIO COMUNE
CL0306,INFOR. TELECOM. - BIENNIO COMUNE
CL0307,INFOR. TELECOM. - BIENNIO COMUNE
CL0308,INFOR. TELECOM. - BIENNIO COMUNE
CL0309,MECC. MECCATRON. ENER. - BIENNIO COMUNE
CL0310,MECC. MECCATRON. ENER. - BIENNIO COMUNE
CL0311,MECC. MECCATRON. ENER. - BIENNIO COMUNE
CL0312,MECC. MECCATRON. ENER. - BIENNIO COMUNE
CL0313,MECCANICA E MECCATRONICA
CL0314,MECCANICA E MECCATRONICA
CL0315,MECCANICA E MECCATRONICA
CL0316,SCIENTIFICO - OPZIONE SCIENZE APPLICATE
CL0317,SCIENTIFICO - OPZIONE SCIENZE APPLICATE
CL0318,SCIENTIFICO - OPZIONE SCIENZE APPLICATE
CL0319,SCIENTIFICO - OPZIONE SCIENZE APPLICATE
CL0320,SCIENTIFICO - OPZIONE SCIENZE APPLICATE
CL0321,SCIENTIFICO - OPZIONE SCIENZE APPLICATE
CL0322,SCIENTIFICO - OPZIONE SCIENZE APPLICATE
CL0323,TELECOMUNICAZIONI
CL0324,TELECOMUNICAZIONI
CL0325,TELECOMUNICAZIONI
CL0326,TELECOMUNICAZIONI
CL0327,TELECOMUNICAZIONI
CL0328,"AGRICOLTURA, SVILUPPO RURALE, VALORIZZAZIONE DEI PRODOTTI DEL TERRITORIO E GESTIONE DELLE RISORSE FORESTALI E MONTANE"
CL0329,"AGRICOLTURA, SVILUPPO RURALE, VALORIZZAZIONE DEI PRODOTTI DEL TERRITORIO E GESTIONE DELLE RISORSE FORESTALI E MONTANE"
CL0330,"AGRICOLTURA, SVILUPPO RURALE, VALORIZZAZIONE DEI PRODOTTI DEL TERRITORIO E GESTIONE DELLE RISORSE FORESTALI E MONTANE"
CL0331,"AGRICOLTURA, SVILUPPO RURALE, VALORIZZAZIONE DEI PRODOTTI DEL TERRITORIO E GESTIONE DELLE RISORSE FORESTALI E MONTANE"
CL0332,"AGRICOLTURA, SVILUPPO RURALE, VALORIZZAZIONE DEI PRODOTTI DEL TERRITORIO E GESTIONE DELLE RISORSE FORESTALI E MONTANE"
CL0333,ENOGASTRONOMIA E OSPITALITA' ALBERGHIERA
CL0334,ENOGASTRONOMIA E OSPITALITA' ALBERGHIERA
CL0335,ENOGASTRONOMIA E OSPITALITA' ALBERGHIERA
CL0336,ENOGASTRONOMIA E OSPITALITA' ALBERGHIERA
CL0337,ENOGASTRONOMIA E OSPITALITA' ALBERGHIERA
CL0338,SCIENTIFICO
CL0339,SCIENTIFICO
CL0340,SCIENTIFICO
CL0341,SCIENTIFICO - SEZIONE AD INDIRIZZO SPORTIVO
CL0342,SCIENTIFICO - SEZIONE AD INDIRIZZO SPORTIVO
CL0343,SCIENTIFICO - SEZIONE AD INDIRIZZO SPORTIVO
CL0344,SCIENTIFICO - SEZIONE AD INDIRIZZO SPORTIVO
CL0345,SCIENTIFICO - SEZIONE AD INDIRIZZO SPORTIVO
CL0346,SCIENTIFICO - SEZIONE AD INDIRIZZO SPORTIVO
CL0347,AMM. FINAN. MARKETING - BIENNIO COMUNE
CL0348,AMM. FINAN. MARKETING - BIENNIO COMUNE
CL0349,AMM. FINAN. MARKETING - BIENNIO COMUNE
CL0350,CONDUZIONE DEL MEZZO AEREO - OPZIONE
CL0351,CONDUZIONE DEL MEZZO AEREO - OPZIONE
CL0352,CONDUZIONE DEL MEZZO AEREO - OPZIONE
CL0353,CONDUZIONE DEL MEZZO AEREO - OPZIONE
CL0354,CONDUZIONE DEL MEZZO AEREO - OPZIONE
CL0355,CONDUZIONE DEL MEZZO AEREO - OPZIONE
CL0356,CONDUZIONE DEL MEZZO AEREO - OPZIONE
CL0357,"COSTR., AMB. E TERRITORIO - BIENNIO COM."
CL0358,"COSTR., AMB. E TERRITORIO - BIENNIO COM."
CL0359,"COSTR., AMB. E TERRITORIO - BIENNIO COM."
CL0360,COSTRUZIONI AMBIENTE E TERRITORIO - TRIENNIO
CL0361,COSTRUZIONI AMBIENTE E TERRITORIO - TRIENNIO
CL0362,COSTRUZIONI AMBIENTE E TERRITORIO - TRIENNIO
CL0363,COSTRUZIONI AMBIENTE E TERRITORIO - TRIENNIO
CL0364,COSTRUZIONI AMBIENTE E TERRITORIO - TRIENNIO
CL0365,RELAZIONI INTERNAZIONALI PER IL MARKETING
CL0366,RELAZIONI INTERNAZIONALI PER IL MARKETING
CL0367,RELAZIONI INTERNAZIONALI PER IL MARKETING
CL0368,SISTEMI INFORMATIVI AZIENDALI
CL0369,SISTEMI INFORMATIVI AZIENDALI
CL0370,SISTEMI INFORMATIVI AZIENDALI
CL0371,SISTEMI INFORMATIVI AZIENDALI
CL0372,SISTEMI INFORMATIVI AZIENDALI
CL0373,SISTEMI INFORMATIVI AZIENDALI
CL0374,TRASPORTI E LOGISTICA - BIENNIO COMUNE
CL0375,TRASPORTI E LOGISTICA - BIENNIO COMUNE
CL0376,TRASPORTI E LOGISTICA - BIENNIO COMUNE
CL0377,TRASPORTI E LOGISTICA - BIENNIO COMUNE
CL0378,TRASPORTI E LOGISTICA - BIENNIO COMUNE
CL0379,TRASPORTI E LOGISTICA - BIENNIO COMUNE
CL0380,ENOGASTRONOMIA E OSPITALITA' ALBERGHIERA
CL0381,ENOGASTRONOMIA E OSPITALITA' ALBERGHIERA
CL0382,ENOGASTRONOMIA E OSPITALITA' ALBERGHIERA
CL0383,ENOGASTRONOMIA E OSPITALITA' ALBERGHIERA
CL0384,ENOGASTRONOMIA E OSPITALITA' ALBERGHIERA
CL0385,ENOGASTRONOMIA E OSPITALITA' ALBERGHIERA
CL0386,OPERATORE AI SERVIZI DI PROMOZIONE E ACCOGLIENZA
CL0387,OPERATORE AI SERVIZI DI PROMOZIONE E ACCOGLIENZA
CL0388,OPERATORE AI SERVIZI DI PROMOZIONE E ACCOGLIENZA
CL0389,OPERATORE AI SERVIZI DI PROMOZIONE E ACCOGLIENZA
CL0390,OPERATORE AI SERVIZI DI PROMOZIONE E ACCOGLIENZA
CL0391,OPERATORE AI SERVIZI DI PROMOZIONE E ACCOGLIENZA
CL0392,OPERATORE AI SERVIZI DI PROMOZIONE E ACCOGLIENZA
CL0393,OPERATORE AI SERVIZI DI VENDITA
CL0394,OPERATORE AI SERVIZI DI VENDITA
CL0395,OPERATORE AI SERVIZI DI VENDITA
CL0396,OPERATORE AI SERVIZI DI VENDITA
CL0397,OPERATORE AI SERVIZI DI VENDITA
CL0398,OPERATORE AI SERVIZI DI VENDITA
CL0399,OPERATORE DELLA RISTORAZIONE
CL0400,OPERATORE DELLA RISTORAZIONE
CL0401,OPERATORE DELLA RISTORAZIONE
CL0402,OPERATORE DELLA RISTORAZIONE
CL0403,OPERATORE DELLA RISTORAZIONE
CL0404,OPERATORE DELLA RISTORAZIONE
CL0405,OPERATORE DELLA RISTORAZIONE
CL0406,MANUTENZIONE E ASSISTENZA TECNICA
CL0407,MANUTENZIONE E ASSISTENZA TECNICA
CL0408,MANUTENZIONE E ASSISTENZA TECNICA
CL0409,PRODUZIONI TESSILI SARTORIALI - OPZIONE
CL0410,PRODUZIONI TESSILI SARTORIALI - OPZIONE
CL0411,PRODUZIONI TESSILI SARTORIALI - OPZIONE
CL0412,PRODUZIONI TESSILI SARTORIALI - OPZIONE
CL0413,PRODUZIONI TESSILI SARTORIALI - OPZIONE
CL0414,ARCHITETTURA E AMBIENTE
CL0415,ARCHITETTURA E AMBIENTE
CL0416,ARCHITETTURA E AMBIENTE
CL0417,ARCHITETTURA E AMBIENTE
CL0418,ARCHITETTURA E AMBIENTE
CL0419,ARTISTICO NUOVO ORDINAMENTO - BIENNIO COMUNE
CL0420,ARTISTICO NUOVO ORDINAMENTO - BIENNIO COMUNE
CL0421,ARTISTICO NUOVO ORDINAMENTO - BIENNIO COMUNE
CL0422,ARTISTICO NUOVO ORDINAMENTO - BIENNIO COMUNE
CL0423,ARTISTICO NUOVO ORDINAMENTO - BIENNIO COMUNE
CL0424,ARTISTICO NUOVO ORDINAMENTO - BIENNIO COMUNE
CL0425,AUDIOVISIVO MULTIMEDIA
CL0426,AUDIOVISIVO MULTIMEDIA
CL0427,AUDIOVISIVO MULTIMEDIA
CL0428,DESIGN - METALLI OREFICERIA E CORALLO
CL0429,DESIGN - METALLI OREFICERIA E CORALLO
CL0430,DESIGN - METALLI OREFICERIA E CORALLO
CL0431,DESIGN - MODA
CL0432,DESIGN - MODA
CL0433,DESIGN - MODA
CL0434,GRAFICA
CL0435,GRAFICA
CL0436,GRAFICA
CL0437,GRAFICA
CL0438,ENOGASTRONOMIA E OSPITALITA' ALBERGHIERA
CL0439,ENOGASTRONOMIA E OSPITALITA' ALBERGHIERA
CL0440,ENOGASTRONOMIA E OSPITALITA' ALBERGHIERA
CL0441,ENOGASTRONOMIA E OSPITALITA' ALBERGHIERA
CL0442,ENOGASTRONOMIA E OSPITALITA' ALBERGHIERA
CL0443,ENOGASTRONOMIA E OSPITALITA' ALBERGHIERA
CL0444,OPERATORE DELLA RISTORAZIONE
CL0445,OPERATORE DELLA RISTORAZIONE
CL0446,OPERATORE DELLA RISTORAZIONE
CL0447,OPERATORE DELLA RISTORAZIONE
CL0448,OPERATORE DELLA RISTORAZIONE
CL0449,OPERATORE DELLA RISTORAZIONE
CL0450,INDUSTRIA - TRIENNIO
CL0451,INDUSTRIA - TRIENNIO
CL0452,INDUSTRIA - TRIENNIO
CL0453,INDUSTRIA - TRIENNIO
CL0454,INDUSTRIA - TRIENNIO
CL0455,SERVIZI SOCIO-SANITARI - ODONTOTECNICO
CL0456,SERVIZI SOCIO-SANITARI - ODONTOTECNICO
CL0457,SERVIZI SOCIO-SANITARI - ODONTOTECNICO
CL0458,SERVIZI SOCIO-SANITARI - ODONTOTECNICO
CL0459,AMM. FINAN. MARKETING - BIENNIO COMUNE
CL0460,AMM. FINAN. MARKETING - BIENNIO COMUNE
CL0461,AMM. FINAN. MARKETING - BIENNIO COMUNE
CL0462,AMMINISTRAZIONE FINANZA E MARKETING - TRIENNIO
CL0463,AMMINISTRAZIONE FINANZA E MARKETING - TRIENNIO
CL0464,AMMINISTRAZIONE FINANZA E MARKETING - TRIENNIO
CL0465,AMMINISTRAZIONE FINANZA E MARKETING - TRIENNIO
CL0466,"COSTR., AMB. E TERRITORIO - BIENNIO COM."
CL0467,"COSTR., AMB. E TERRITORIO - BIENNIO COM."
CL0468,"COSTR., AMB. E TERRITORIO - BIENNIO COM."
CL0469,SISTEMI INFORMATIVI AZIENDALI
CL0470,SISTEMI INFORMATIVI AZIENDALI
CL0471,SISTEMI INFORMATIVI AZIENDALI
CL0472,SISTEMI INFORMATIVI AZIENDALI
CL0473,SISTEMI INFORMATIVI AZIENDALI
CL0474,TECNOLOGIE DEL LEGNO NELLE COSTRUZIONE - OPZIONE
CL0475,TECNOLOGIE DEL LEGNO NELLE COSTRUZIONE - OPZIONE
CL0476,TECNOLOGIE DEL LEGNO NELLE COSTRUZIONE - OPZIONE
CL0477,TECNOLOGIE DEL LEGNO NELLE COSTRUZIONE - OPZIONE
CL0478,TECNOLOGIE DEL LEGNO NELLE COSTRUZIONE - OPZIONE
CL0479,TECNOLOGIE DEL LEGNO NELLE COSTRUZIONE - OPZIONE
CL0480,TECNOLOGIE DEL LEGNO NELLE COSTRUZIONE - OPZIONE
CL0481,TURISMO
CL0482,TURISMO
CL0483,TURISMO
CL0484,TURISMO
CL0485,TURISMO
CL0486,TURISMO
CL0487,SCIENTIFICO
CL0488,SCIENTIFICO
CL0489,SCIENTIFICO
CL0490,SCIENTIFICO
CL0491,SCIENTIFICO
CL0492,SCIENTIFICO
CL0493,SERVIZI COMMERCIALI
CL0494,SERVIZI COMMERCIALI
CL0495,SERVIZI COMMERCIALI
CL0496,SERVIZI COMMERCIALI
CL0497,SERVIZI COMMERCIALI
CL0498,TURISMO
CL0499,TURISMO
CL0500,TURISMO
CL0501,TURISMO
CL0502,TURISMO
CL0503,TURISMO
CL0504,TURISMO
CL0505,LINGUISTICO
CL0506,LINGUISTICO
CL0507,LINGUISTICO
CL0508,LINGUISTICO
CL0509,LINGUISTICO
CL0510,LINGUISTICO
CL0511,LINGUISTICO
CL0512,MUSICALE E COREUTICO - SEZ. MUSICALE
CL0513,MUSICALE E COREUTICO - SEZ. MUSICALE
CL0514,MUSICALE E COREUTICO - SEZ. MUSICALE
CL0515,SCIENZE UMANE
CL0516,SCIENZE UMANE
CL0517,SCIENZE UMANE
CL0518,SCIENZE UMANE - OPZ. ECONOMICO SOCIALE
CL0519,SCIENZE UMANE - OPZ. ECONOMICO SOCIALE
CL0520,SCIENZE UMANE - OPZ. ECONOMICO SOCIALE
CL0521,SCIENZE UMANE - OPZ. ECONOMICO SOCIALE
CL0522,LINGUISTICO
CL0523,LINGUISTICO
CL0524,LINGUISTICO
CL0525,LINGUISTICO
CL0526,SCIENTIFICO
CL0527,SCIENTIFICO
CL0528,SCIENTIFICO
CL0529,SCIENTIFICO
CL0530,SCIENTIFICO
CL0531,SCIENTIFICO - OPZIONE SCIENZE APPLICATE
CL0532,SCIENTIFICO - OPZIONE SCIENZE APPLICATE
CL0533,SCIENTIFICO - OPZIONE SCIENZE APPLICATE
CL0534,SCIENTIFICO - OPZIONE SCIENZE APPLICATE
CL0535,SCIENTIFICO - OPZIONE SCIENZE APPLICATE
CL0536,SCIENZE UMANE - OPZ. ECONOMICO SOCIALE
CL0537,SCIENZE UMANE - OPZ. ECONOMICO SOCIALE
CL0538,SCIENZE UMANE - OPZ. ECONOMICO SOCIALE
CL0539,SCIENZE UMANE - OPZ. ECONOMICO SOCIALE
CL0540,SCIENZE UMANE - OPZ. ECONOMICO SOCIALE
CL0541,SERVIZI PER LA SANITA' E L'ASSISTENZA SOCIALE
CL0542,SERVIZI PER LA SANITA' E L'ASSISTENZA SOCIALE
CL0543,SERVIZI PER LA SANITA' E L'ASSISTENZA SOCIALE
CL0544,SERVIZI PER LA SANITA' E L'ASSISTENZA SOCIALE
CL0545,SERVIZI PER LA SANITA' E L'ASSISTENZA SOCIALE
CL0546,SERVIZI PER LA SANITA' E L'ASSISTENZA SOCIALE
CL0547,SERVIZI PER LA SANITA' E L'ASSISTENZA SOCIALE
CL0548,ARCHITETTURA E AMBIENTE
CL0549,ARCHITETTURA E AMBIENTE
CL0550,ARCHITETTURA E AMBIENTE
CL0551,ARCHITETTURA E AMBIENTE
CL0552,ARTI FIGURATIVE - GRAFICO-PITTORICO
CL0553,ARTI FIGURATIVE - GRAFICO-PITTORICO
CL0554,ARTI FIGURATIVE - GRAFICO-PITTORICO
CL0555,ARTI FIGURATIVE - GRAFICO-PITTORICO
CL0556,ARTI FIGURATIVE - GRAFICO-PITTORICO
CL0557,ARTI FIGURATIVE - GRAFICO-PITTORICO
CL0558,ARTI FIGURATIVE - GRAFICO-PITTORICO
CL0559,ARTISTICO NUOVO ORDINAMENTO - BIENNIO COMUNE
CL0560,ARTISTICO NUOVO ORDINAMENTO - BIENNIO COMUNE
CL0561,ARTISTICO NUOVO ORDINAMENTO - BIENNIO COMUNE
CL0562,ARTISTICO NUOVO ORDINAMENTO - BIENNIO COMUNE
CL0563,ARTISTICO NUOVO ORDINAMENTO - BIENNIO COMUNE
CL0564,ARTISTICO NUOVO ORDINAMENTO - BIENNIO COMUNE
CL0565,AUDIOVISIVO MULTIMEDIA
CL0566,AUDIOVISIVO MULTIMEDIA
CL0567,AUDIOVISIVO MULTIMEDIA
CL0568,AUDIOVISIVO MULTIMEDIA
CL0569,AUDIOVISIVO MULTIMEDIA
CL0570,AUDIOVISIVO MULTIMEDIA
CL0571,AUDIOVISIVO MULTIMEDIA
CL0572,DESIGN - ARREDAMENTO E LEGNO
CL0573,DESIGN - ARREDAMENTO E LEGNO
CL0574,DESIGN - ARREDAMENTO E LEGNO
CL0575,DESIGN - ARREDAMENTO E LEGNO
CL0576,DESIGN - ARREDAMENTO E LEGNO
CL0577,DESIGN - ARREDAMENTO E LEGNO
CL0578,DESIGN - MODA
CL0579,DESIGN - MODA
CL0580,DESIGN - MODA
CL0581,DESIGN - MODA
CL0582,GRAFICA
CL0583,GRAFICA
CL0584,GRAFICA
CL0585,GRAFICA
CL0586,GRAFICA
CL0587,"AGRARIA, AGROAL. E AGROIND.-BIENNIO COM."
CL0588,"AGRARIA, AGROAL. E AGROIND.-BIENNIO COM."
CL0589,"AGRARIA, AGROAL. E AGROIND.-BIENNIO COM."
CL0590,"AGRARIA, AGROAL. E AGROIND.-BIENNIO COM."
CL0591,"AGRARIA, AGROAL. E AGROIND.-BIENNIO COM."
CL0592,"AGRARIA, AGROAL. E AGROIND.-BIENNIO COM."
CL0593,GESTIONE DELL'AMBIENTE E DEL TERRITORIO
CL0594,GESTIONE DELL'AMBIENTE E DEL TERRITORIO
CL0595,GESTIONE DELL'AMBIENTE E DEL TERRITORIO
CL0596,GESTIONE DELL'AMBIENTE E DEL TERRITORIO
CL0597,PRODUZIONI E TRASFORMAZIONI
CL0598,PRODUZIONI E TRASFORMAZIONI
CL0599,PRODUZIONI E TRASFORMAZIONI
CL0600,PRODUZIONI E TRASFORMAZIONI
CL0601,VITICOLTURA ED ENOLOGIA
CL0602,VITICOLTURA ED ENOLOGIA
CL0603,VITICOLTURA ED ENOLOGIA
CL0604,VITICOLTURA ED ENOLOGIA
CL0605,VITICOLTURA ED ENOLOGIA
CL0606,VITICOLTURA ED ENOLOGIA
CL0607,VITICOLTURA ED ENOLOGIA
CL0608,"AGRICOLTURA, SVILUPPO RURALE, VALORIZZAZIONE DEI PRODOTTI DEL TERRITORIO E GESTIONE DELLE RISORSE FORESTALI E MONTANE"
CL0609,"AGRICOLTURA, SVILUPPO RURALE, VALORIZZAZIONE DEI PRODOTTI DEL TERRITORIO E GESTIONE DELLE RISORSE FORESTALI E MONTANE"
CL0610,"AGRICOLTURA, SVILUPPO RURALE, VALORIZZAZIONE DEI PRODOTTI DEL TERRITORIO E GESTIONE DELLE RISORSE FORESTALI E MONTANE"
CL0611,"AGRICOLTURA, SVILUPPO RURALE, VALORIZZAZIONE DEI PRODOTTI DEL TERRITORIO E GESTIONE DELLE RISORSE FORESTALI E MONTANE"
CL0612,INDUSTRIA E ARTIGIANATO PER IL MADE IN ITALY
CL0613,INDUSTRIA E ARTIGIANATO PER IL MADE IN ITALY
CL0614,INDUSTRIA E ARTIGIANATO PER IL MADE IN ITALY
CL0615,INDUSTRIA E ARTIGIANATO PER IL MADE IN ITALY
CL0616,INDUSTRIA E ARTIGIANATO PER IL MADE IN ITALY
CL0617,INDUSTRIA E ARTIGIANATO PER IL MADE IN ITALY
CL0618,INDUSTRIA E ARTIGIANATO PER IL MADE IN ITALY
CL0619,MANUTENZIONE E ASSISTENZA TECNICA
CL0620,MANUTENZIONE E ASSISTENZA TECNICA
CL0621,MANUTENZIONE E ASSISTENZA TECNICA
CL0622,MANUTENZIONE E ASSISTENZA TECNICA
CL0623,OPERATORE DEL BENESSERE
CL0624,OPERATORE DEL BENESSERE
CL0625,OPERATORE DEL BENESSERE
CL0626,OPERATORE DEL BENESSERE
CL0627,OPERATORE DEL BENESSERE
CL0628,OPERATORE DEL BENESSERE
CL0629,OPERATORE DEL BENESSERE
CL0630,TECNICO DEI TRATTAMENTI ESTETICI
CL0631,TECNICO DEI TRATTAMENTI ESTETICI
CL0632,TECNICO DEI TRATTAMENTI ESTETICI
CL0633,TECNICO DEI TRATTAMENTI ESTETICI
CL0634,TECNICO DEI TRATTAMENTI ESTETICI
CL0635,TECNICO DEI TRATTAMENTI ESTETICI
CL0636,TECNICO DEI TRATTAMENTI ESTETICI
CL0637,TECNICO DELL'ACCONCIATURA
CL0638,TECNICO DELL'ACCONCIATURA
CL0639,TECNICO DELL'ACCONCIATURA
CL0640,TECNICO DELL'ACCONCIATURA
CL0641,TECNICO DELL'ACCONCIATURA
CL0642,TECNICO DELL'ACCONCIATURA
CL0643,GRAFICA E COMUNICAZIONE
CL0644,GRAFICA E COMUNICAZIONE
CL0645,GRAFICA E COMUNICAZIONE
CL0646,GRAFICA E COMUNICAZIONE
CL0647,GRAFICA E COMUNICAZIONE
CL0648,GRAFICA E COMUNICAZIONE
CL0649,GRAFICA E COMUNICAZIONE
CL0650,OPERATORE AI SERVIZI DI PROMOZIONE E ACCOGLIENZA
CL0651,OPERATORE AI SERVIZI DI PROMOZIONE E ACCOGLIENZA
CL0652,OPERATORE AI SERVIZI DI PROMOZIONE E ACCOGLIENZA
CL0653,OPERATORE AI SERVIZI DI PROMOZIONE E ACCOGLIENZA
CL0654,OPERATORE AI SERVIZI DI PROMOZIONE E ACCOGLIENZA
CL0655,OPERATORE GRAFICO
CL0656,OPERATORE GRAFICO
CL0657,OPERATORE GRAFICO
CL0658,OPERATORE GRAFICO
CL0659,SERVIZI COMMERCIALI
CL0660,SERVIZI COMMERCIALI
CL0661,SERVIZI COMMERCIALI
CL0662,SERVIZI COMMERCIALI
CL0663,SERVIZI COMMERCIALI
CL0664,SERVIZI COMMERCIALI
CL0665,TECNICO GRAFICO
CL0666,TECNICO GRAFICO
CL0667,TECNICO GRAFICO
CL0668,TECNICO GRAFICO
CL0669,ARTI AUSILIARIE DELLE PROFESSIONI SANITARIE: ODONTOTECNICO
CL0670,ARTI AUSILIARIE DELLE PROFESSIONI SANITARIE: ODONTOTECNICO
CL0671,ARTI AUSILIARIE DELLE PROFESSIONI SANITARIE: ODONTOTECNICO
CL0672,ARTI AUSILIARIE DELLE PROFESSIONI SANITARIE: ODONTOTECNICO
CL0673,ARTI AUSILIARIE DELLE PROFESSIONI SANITARIE: ODONTOTECNICO
CL0674,ARTI AUSILIARIE DELLE PROFESSIONI SANITARIE: ODONTOTECNICO
CL0675,ARTI AUSILIARIE DELLE PROFESSIONI SANITARIE: ODONTOTECNICO
CL0676,ARTISTICO NUOVO ORDINAMENTO - BIENNIO COMUNE
CL0677,ARTISTICO NUOVO ORDINAMENTO - BIENNIO COMUNE
CL0678,ARTISTICO NUOVO ORDINAMENTO - BIENNIO COMUNE
CL0679,ARTISTICO NUOVO ORDINAMENTO - BIENNIO COMUNE
CL0680,GRAFICA
CL0681,GRAFICA
CL0682,GRAFICA
CL0683,GRAFICA
CL0684,GRAFICA
CL0685,GRAFICA
CL0686,SCIENTIFICO - OPZIONE SCIENZE APPLICATE
CL0687,SCIENTIFICO - OPZIONE SCIENZE APPLICATE
CL0688,SCIENTIFICO - OPZIONE SCIENZE APPLICATE
CL0689,SCIENTIFICO - OPZIONE SCIENZE APPLICATE
CL0690,SCIENTIFICO - OPZIONE SCIENZE APPLICATE
CL0691,SCIENTIFICO - OPZIONE SCIENZE APPLICATE
CL0692,SCIENTIFICO - OPZIONE SCIENZE APPLICATE
CL0693,MANUTENZIONE E ASSISTENZA TECNICA
CL0694,MANUTENZIONE E ASSISTENZA TECNICA
CL0695,MANUTENZIONE E ASSISTENZA TECNICA
CL0696,MANUTENZIONE E ASSISTENZA TECNICA
CL0697,MANUTENZIONE E ASSISTENZA TECNICA
CL0698,CLASSICO
CL0699,CLASSICO
CL0700,CLASSICO
CL0701,CLASSICO
CL0702,CLASSICO
CL0703,CLASSICO
CL0704,CLASSICO
CL0705,SCIENZE UMANE
CL0706,SCIENZE UMANE
CL0707,SCIENZE UMANE
CL0708,SCIENZE UMANE
CL0709,AUTOMAZIONE
CL0710,AUTOMAZIONE
CL0711,AUTOMAZIONE
CL0712,AUTOMAZIONE
CL0713,AUTOMAZIONE
CL0714,COSTRUZIONI AERONAUTICHE - OPZIONE
CL0715,COSTRUZIONI AERONAUTICHE - OPZIONE
CL0716,COSTRUZIONI AERONAUTICHE - OPZIONE
CL0717,COSTRUZIONI AERONAUTICHE - OPZIONE
CL0718,COSTRUZIONI AERONAUTICHE - OPZIONE
CL0719,COSTRUZIONI AERONAUTICHE - OPZIONE
CL0720,COSTRUZIONI AERONAUTICHE - OPZIONE
CL0721,ELETTR. ED ELETTROTEC.- BIENNIO COMUNE
CL0722,ELETTR. ED ELETTROTEC.- BIENNIO COMUNE
CL0723,ELETTR. ED ELETTROTEC.- BIENNIO COMUNE
CL0724,ELETTR. ED ELETTROTEC.- BIENNIO COMUNE
CL0725,ELETTR. ED ELETTROTEC.- BIENNIO COMUNE
CL0726,ELETTR. ED ELETTROTEC.- BIENNIO COMUNE
CL0727,ELETTROTECNICA
CL0728,ELETTROTECNICA
CL0729,ELETTROTECNICA
CL0730,ELETTROTECNICA
CL0731,ELETTROTECNICA
CL0732,ELETTROTECNICA
CL0733,ENERGIA
CL0734,ENERGIA
CL0735,ENERGIA
CL0736,ENERGIA
CL0737,ENERGIA
CL0738,ENERGIA
CL0739,GRAFICA E COMUNICAZIONE
CL0740,GRAFICA E COMUNICAZIONE
CL0741,GRAFICA E COMUNICAZIONE
CL0742,GRAFICA E COMUNICAZIONE
CL0743,GRAFICA E COMUNICAZIONE
CL0744,GRAFICA E COMUNICAZIONE
CL0745,INFOR. TELECOM. - BIENNIO COMUNE
CL0746,INFOR. TELECOM. - BIENNIO COMUNE
CL0747,INFOR. TELECOM. - BIENNIO COMUNE
CL0748,INFORMATICA
CL0749,INFORMATICA
CL0750,INFORMATICA
CL0751,INFORMATICA E TELECOMUNICAZIONI ART. INFORMATICA QUADRIENNALE
CL0752,INFORMATICA E TELECOMUNICAZIONI ART. INFORMATICA QUADRIENNALE
CL0753,INFORMATICA E TELECOMUNICAZIONI ART. INFORMATICA QUADRIENNALE
CL0754,MECC. MECCATRON. ENER. - BIENNIO COMUNE
CL0755,MECC. MECCATRON. ENER. - BIENNIO COMUNE
CL0756,MECC. MECCATRON. ENER. - BIENNIO COMUNE
CL0757,MECC. MECCATRON. ENER. - BIENNIO COMUNE
CL0758,MECC. MECCATRON. ENER. - BIENNIO COMUNE
CL0759,MECC. MECCATRON. ENER. - BIENNIO COMUNE
CL0760,MECCANICA E MECCATRONICA
CL0761,MECCANICA E MECCATRONICA
CL0762,MECCANICA E MECCATRONICA
CL0763,MECCANICA E MECCATRONICA
CL0764,MECCANICA E MECCATRONICA
CL0765,MECCANICA E MECCATRONICA
CL0766,SCIENTIFICO - OPZIONE SCIENZE APPLICATE
CL0767,SCIENTIFICO - OPZIONE SCIENZE APPLICATE
CL0768,SCIENTIFICO - OPZIONE SCIENZE APPLICATE
CL0769,SCIENTIFICO - OPZIONE SCIENZE APPLICATE
CL0770,SCIENTIFICO - OPZIONE SCIENZE APPLICATE
CL0771,SCIENTIFICO - OPZIONE SCIENZE APPLICATE
CL0772,SCIENTIFICO - OPZIONE SCIENZE APPLICATE
CL0773,TRASPORTI E LOGISTICA - BIENNIO COMUNE
CL0774,TRASPORTI E LOGISTICA - BIENNIO COMUNE
CL0775,TRASPORTI E LOGISTICA - BIENNIO COMUNE
CL0776,ACCOGLIENZA TURISTICA - TRIENNIO
CL0777,ACCOGLIENZA TURISTICA - TRIENNIO
CL0778,ACCOGLIENZA TURISTICA - TRIENNIO
CL0779,ACCOGLIENZA TURISTICA - TRIENNIO
CL0780,ACCOGLIENZA TURISTICA - TRIENNIO
CL0781,ACCOGLIENZA TURISTICA - TRIENNIO
CL0782,ACCOGLIENZA TURISTICA - TRIENNIO
CL0783,ENOGAS. OSPIT. ALBERG. - BIENNIO COMUNE
CL0784,ENOGAS. OSPIT. ALBERG. - BIENNIO COMUNE
CL0785,ENOGAS. OSPIT. ALBERG. - BIENNIO COMUNE
CL0786,ENOGASTRONOMIA - TRIENNIO
CL0787,ENOGASTRONOMIA - TRIENNIO
CL0788,ENOGASTRONOMIA - TRIENNIO
CL0789,ENOGASTRONOMIA - TRIENNIO
CL0790,ENOGASTRONOMIA - TRIENNIO
CL0791,ENOGASTRONOMIA - TRIENNIO
CL0792,ELETTR. ED ELETTROTEC.- BIENNIO COMUNE
CL0793,ELETTR. ED ELETTROTEC.- BIENNIO COMUNE
CL0794,ELETTR. ED ELETTROTEC.- BIENNIO COMUNE
CL0795,ELETTRONICA
CL0796,ELETTRONICA
CL0797,ELETTRONICA
CL0798,ELETTRONICA
CL0799,INFOR. TELECOM. - BIENNIO COMUNE
CL0800,INFOR. TELECOM. - BIENNIO COMUNE
CL0801,INFOR. TELECOM. - BIENNIO COMUNE
CL0802,INFOR. TELECOM. - BIENNIO COMUNE
CL0803,INFOR. TELECOM. - BIENNIO COMUNE
CL0804,INFORMATICA
CL0805,INFORMATICA
CL0806,INFORMATICA
CL0807,INFORMATICA
CL0808,INFORMATICA
CL0809,INFORMATICA
CL0810,MECC. MECCATRON. ENER. - BIENNIO COMUNE
CL0811,MECC. MECCATRON. ENER. - BIENNIO COMUNE
CL0812,MECC. MECCATRON. ENER. - BIENNIO COMUNE
CL0813,MECC. MECCATRON. ENER. - BIENNIO COMUNE
CL0814,MECCANICA E MECCATRONICA
CL0815,MECCANICA E MECCATRONICA
CL0816,MECCANICA E MECCATRONICA
CL0817,MECCANICA E MECCATRONICA
CL0818,MECCANICA E MECCATRONICA
CL0819,CLASSICO
CL0820,CLASSICO
CL0821,CLASSICO
CL0822,CLASSICO
CL0823,CLASSICO
CL0824,CLASSICO
CL0825,CLASSICO
CL0826,SCIENTIFICO
CL0827,SCIENTIFICO
CL0828,SCIENTIFICO
CL0829,SCIENTIFICO
CL0830,ACCOGLIENZA TURISTICA - TRIENNIO
CL0831,ACCOGLIENZA TURISTICA - TRIENNIO
CL0832,ACCOGLIENZA TURISTICA - TRIENNIO
CL0833,ACCOGLIENZA TURISTICA - TRIENNIO
CL0834,ACCOGLIENZA TURISTICA - TRIENNIO
CL0835,ACCOGLIENZA TURISTICA - TRIENNIO
CL0836,ACCOGLIENZA TURISTICA - TRIENNIO
CL0837,ENOGASTRONOMIA - TRIENNIO
CL0838,ENOGASTRONOMIA - TRIENNIO
CL0839,ENOGASTRONOMIA - TRIENNIO
CL0840,ENOGASTRONOMIA - TRIENNIO
CL0841,ENOGASTRONOMIA - TRIENNIO
CL0842,MECC. MECCATRON. ENER. - BIENNIO COMUNE
CL0843,MECC. MECCATRON. ENER. - BIENNIO COMUNE
CL0844,MECC. MECCATRON. ENER. - BIENNIO COMUNE
CL0845,MECC. MECCATRON. ENER. - BIENNIO COMUNE
CL0846,MECC. MECCATRON. ENER. - BIENNIO COMUNE
CL0847,MECC. MECCATRON. ENER. - BIENNIO COMUNE
CL0848,MECCANICA E MECCATRONICA
CL0849,MECCANICA E MECCATRONICA
CL0850,MECCANICA E MECCATRONICA
CL0851,MECCANICA E MECCATRONICA
CL0852,MECCANICA E MECCATRONICA
CL0853,MECCANICA E MECCATRONICA
CL0854,ARTI FIGURATIVE - PLASTICO PITTORICO
CL0855,ARTI FIGURATIVE - PLASTICO PITTORICO
CL0856,ARTI FIGURATIVE - PLASTICO PITTORICO
CL0857,ARTI FIGURATIVE - PLASTICO PITTORICO
CL0858,ARTI FIGURATIVE - PLASTICO PITTORICO
CL0859,ARTI FIGURATIVE - PLASTICO PITTORICO
CL0860,ARTI FIGURATIVE - PLASTICO PITTORICO
CL0861,MANUTENZIONE E ASSISTENZA TECNICA
CL0862,MANUTENZIONE E ASSISTENZA TECNICA
CL0863,MANUTENZIONE E ASSISTENZA TECNICA
CL0864,MANUTENZIONE E ASSISTENZA TECNICA
CL0865,MANUTENZIONE E ASSISTENZA TECNICA
CL0866,MANUTENZIONE E ASSISTENZA TECNICA
CL0867,OPERATORE DEL BENESSERE
CL0868,OPERATORE DEL BENESSERE
CL0869,OPERATORE DEL BENESSERE
CL0870,OPERATORE DEL BENESSERE
CL0871,OPERATORE DEL BENESSERE
CL0872,SERVIZI PER LA SANITA' E L'ASSISTENZA SOCIALE
CL0873,SERVIZI PER LA SANITA' E L'ASSISTENZA SOCIALE
CL0874,SERVIZI PER LA SANITA' E L'ASSISTENZA SOCIALE
CL0875,SERVIZI PER LA SANITA' E L'ASSISTENZA SOCIALE
CL0876,TECNICO DEI TRATTAMENTI ESTETICI
CL0877,TECNICO DEI TRATTAMENTI ESTETICI
CL0878,TECNICO DEI TRATTAMENTI ESTETICI
CL0879,APPARATI IMP.TI SER.ZI TEC.CI IND.LI E CIV.LI - OPZIONE
CL0880,APPARATI IMP.TI SER.ZI TEC.CI IND.LI E CIV.LI - OPZIONE
CL0881,APPARATI IMP.TI SER.ZI TEC.CI IND.LI E CIV.LI - OPZIONE
CL0882,APPARATI IMP.TI SER.ZI TEC.CI IND.LI E CIV.LI - OPZIONE
CL0883,APPARATI IMP.TI SER.ZI TEC.CI IND.LI E CIV.LI - OPZIONE
CL0884,"COSTR., AMB. E TERRITORIO - BIENNIO COM."
CL0885,"COSTR., AMB. E TERRITORIO - BIENNIO COM."
CL0886,"COSTR., AMB. E TERRITORIO - BIENNIO COM."
CL0887,COSTRUZIONI AMBIENTE E TERRITORIO - TRIENNIO
CL0888,COSTRUZIONI AMBIENTE E TERRITORIO - TRIENNIO
CL0889,COSTRUZIONI AMBIENTE E TERRITORIO - TRIENNIO
CL0890,"COSTR., AMB. E TERRITORIO - BIENNIO COM."
CL0891,"COSTR., AMB. E TERRITORIO - BIENNIO COM."
CL0892,"COSTR., AMB. E TERRITORIO - BIENNIO COM."
CL0893,"COSTR., AMB. E TERRITORIO - BIENNIO COM."
CL0894,"COSTR., AMB. E TERRITORIO - BIENNIO COM."
CL0895,"COSTR., AMB. E TERRITORIO - BIENNIO COM."
CL0896,COSTRUZIONI AMBIENTE E TERRITORIO - TRIENNIO
CL0897,COSTRUZIONI AMBIENTE E TERRITORIO - TRIENNIO
CL0898,COSTRUZIONI AMBIENTE E TERRITORIO - TRIENNIO
CL0899,COSTRUZIONI AMBIENTE E TERRITORIO - TRIENNIO
CL0900,COSTRUZIONI AMBIENTE E TERRITORIO - TRIENNIO
CL0901,COSTRUZIONI AMBIENTE E TERRITORIO - TRIENNIO
CL0902,COSTRUZIONI AMBIENTE E TERRITORIO - TRIENNIO
CL0903,SERVIZI COMMERCIALI
CL0904,SERVIZI COMMERCIALI
CL0905,SERVIZI COMMERCIALI
CL0906,SERVIZI COMMERCIALI
CL0907,SERVIZI PER LA SANITA' E L'ASSISTENZA SOCIALE
CL0908,SERVIZI PER LA SANITA' E L'ASSISTENZA SOCIALE
CL0909,SERVIZI PER LA SANITA' E L'ASSISTENZA SOCIALE
CL0910,SERVIZI PER LA SANITA' E L'ASSISTENZA SOCIALE
CL0911,"AGRICOLTURA, SVILUPPO RURALE, VALORIZZAZIONE DEI PRODOTTI DEL TERRITORIO E GESTIONE DELLE RISORSE FORESTALI E MONTANE"
CL0912,"AGRICOLTURA, SVILUPPO RURALE, VALORIZZAZIONE DEI PRODOTTI DEL TERRITORIO E GESTIONE DELLE RISORSE FORESTALI E MONTANE"
CL0913,"AGRICOLTURA, SVILUPPO RURALE, VALORIZZAZIONE DEI PRODOTTI DEL TERRITORIO E GESTIONE DELLE RISORSE FORESTALI E MONTANE"
CL0914,"AGRICOLTURA, SVILUPPO RURALE, VALORIZZAZIONE DEI PRODOTTI DEL TERRITORIO E GESTIONE DELLE RISORSE FORESTALI E MONTANE"
CL0915,"AGRICOLTURA, SVILUPPO RURALE, VALORIZZAZIONE DEI PRODOTTI DEL TERRITORIO E GESTIONE DELLE RISORSE FORESTALI E MONTANE"
CL0916,"AGRICOLTURA, SVILUPPO RURALE, VALORIZZAZIONE DEI PRODOTTI DEL TERRITORIO E GESTIONE DELLE RISORSE FORESTALI E MONTANE"
CL0917,INDUSTRIA E ARTIGIANATO PER IL MADE IN ITALY
CL0918,INDUSTRIA E ARTIGIANATO PER IL MADE IN ITALY
CL0919,INDUSTRIA E ARTIGIANATO PER IL MADE IN ITALY
CL0920,INDUSTRIA E ARTIGIANATO PER IL MADE IN ITALY
CL0921,INDUSTRIA E ARTIGIANATO PER IL MADE IN ITALY
CL0922,MANUTENZIONE E ASSISTENZA TECNICA
CL0923,MANUTENZIONE E ASSISTENZA TECNICA
CL0924,MANUTENZIONE E ASSISTENZA TECNICA
CL0925,MANUTENZIONE E ASSISTENZA TECNICA
CL0926,MANUTENZIONE E ASSISTENZA TECNICA
CL0927,MANUTENZIONE E ASSISTENZA TECNICA
CL0928,MANUTENZIONE E ASSISTENZA TECNICA
CL0929,OPERATORE AGRICOLO
CL0930,OPERATORE AGRICOLO
CL0931,OPERATORE AGRICOLO
CL0932,OPERATORE AGRICOLO
CL0933,OPERATORE AGRICOLO
CL0934,OPERATORE AGRICOLO
CL0935,OPERATORE AGRICOLO
CL0936,OPERATORE DEL LEGNO
CL0937,OPERATORE DEL LEGNO
CL0938,OPERATORE DEL LEGNO
CL0939,OPERATORE DEL LEGNO
CL0940,OPERATORE DEL LEGNO
CL0941,OPERATORE MECCANICO
CL0942,OPERATORE MECCANICO
CL0943,OPERATORE MECCANICO
CL0944,"AGRICOLTURA, SVILUPPO RURALE, VALORIZZAZIONE DEI PRODOTTI DEL TERRITORIO E GESTIONE DELLE RISORSE FORESTALI E MONTANE"
CL0945,"AGRICOLTURA, SVILUPPO RURALE, VALORIZZAZIONE DEI PRODOTTI DEL TERRITORIO E GESTIONE DELLE RISORSE FORESTALI E MONTANE"
CL0946,"AGRICOLTURA, SVILUPPO RURALE, VALORIZZAZIONE DEI PRODOTTI DEL TERRITORIO E GESTIONE DELLE RISORSE FORESTALI E MONTANE"
CL0947,"AGRICOLTURA, SVILUPPO RURALE, VALORIZZAZIONE DEI PRODOTTI DEL TERRITORIO E GESTIONE DELLE RISORSE FORESTALI E MONTANE"
CL0948,ENOGASTRONOMIA E OSPITALITA' ALBERGHIERA
CL0949,ENOGASTRONOMIA E OSPITALITA' ALBERGHIERA
CL0950,ENOGASTRONOMIA E OSPITALITA' ALBERGHIERA
CL0951,ENOGASTRONOMIA E OSPITALITA' ALBERGHIERA
CL0952,INDUSTRIA E ARTIGIANATO PER IL MADE IN ITALY
CL0953,INDUSTRIA E ARTIGIANATO PER IL MADE IN ITALY
CL0954,INDUSTRIA E ARTIGIANATO PER IL MADE IN ITALY
CL0955,INDUSTRIA E ARTIGIANATO PER IL MADE IN ITALY
CL0956,INDUSTRIA E ARTIGIANATO PER IL MADE IN ITALY
CL0957,MANUTENZIONE E ASSISTENZA TECNICA
CL0958,MANUTENZIONE E ASSISTENZA TECNICA
CL0959,MANUTENZIONE E ASSISTENZA TECNICA
CL0960,MANUTENZIONE E ASSISTENZA TECNICA
CL0961,MANUTENZIONE E ASSISTENZA TECNICA
CL0962,MANUTENZIONE E ASSISTENZA TECNICA
CL0963,OPERATORE DELLE PRODUZIONI ALIMENTARI
CL0964,OPERATORE DELLE PRODUZIONI ALIMENTARI
CL0965,OPERATORE DELLE PRODUZIONI ALIMENTARI
CL0966,OPERATORE DELLE PRODUZIONI ALIMENTARI
CL0967,ARTI FIGURATIVE - PLASTICO PITTORICO
CL0968,ARTI FIGURATIVE - PLASTICO PITTORICO
CL0969,ARTI FIGURATIVE - PLASTICO PITTORICO
CL0970,ARTI FIGURATIVE - PLASTICO PITTORICO
CL0971,ARTI FIGURATIVE - PLASTICO PITTORICO
CL0972,ARTI FIGURATIVE - PLASTICO PITTORICO
CL0973,ARTI FIGURATIVE - PLASTICO PITTORICO
CL0974,AMM. FINAN. MARKETING - BIENNIO COMUNE
CL0975,AMM. FINAN. MARKETING - BIENNIO COMUNE
CL0976,AMM. FINAN. MARKETING - BIENNIO COMUNE
CL0977,AMM. FINAN. MARKETING - BIENNIO COMUNE
CL0978,AMMINISTRAZIONE FINANZA E MARKETING - TRIENNIO
CL0979,AMMINISTRAZIONE FINANZA E MARKETING - TRIENNIO
CL0980,AMMINISTRAZIONE FINANZA E MARKETING - TRIENNIO
CL0981,AMMINISTRAZIONE FINANZA E MARKETING - TRIENNIO
CL0982,"COSTR., AMB. E TERRITORIO - BIENNIO COM."
CL0983,"COSTR., AMB. E TERRITORIO - BIENNIO COM."
CL0984,"COSTR., AMB. E TERRITORIO - BIENNIO COM."
CL0985,"COSTR., AMB. E TERRITORIO - BIENNIO COM."
CL0986,COSTRUZIONI AMBIENTE E TERRITORIO - TRIENNIO
CL0987,COSTRUZIONI AMBIENTE E TERRITORIO - TRIENNIO
CL0988,COSTRUZIONI AMBIENTE E TERRITORIO - TRIENNIO
CL0989,RELAZIONI INTERNAZIONALI PER IL MARKETING
CL0990,RELAZIONI INTERNAZIONALI PER IL MARKETING
CL0991,RELAZIONI INTERNAZIONALI PER IL MARKETING
CL0992,SISTEMI INFORMATIVI AZIENDALI
CL0993,SISTEMI INFORMATIVI AZIENDALI
CL0994,SISTEMI INFORMATIVI AZIENDALI
CL0995,SISTEMI INFORMATIVI AZIENDALI
CL0996,SISTEMI INFORMATIVI AZIENDALI
CL0997,SISTEMI INFORMATIVI AZIENDALI
CL0998,SISTEMI INFORMATIVI AZIENDALI
